être,be
avoir,have
je,I
de,of
ne,not
pas,not
le,the
la,There
tu,you
vous,you
il,it
et,and
un,a
à,to
l',the
aller,go
les,the
en,in
ça,it
faire,do
on,we
une,a
ce,this
d',to
pour,for
des,of
dire,say
tout,all
pouvoir,power
qui,which
vouloir,want
mais,but
me,me
nous,we
dans,in
savoir,know
elle,it
du,of
y,there
bien,Okay
t',t '
voir,see
que,that
plus,more
non,I do not
te,you
mon,my
au,the
avec,along with
moi,I
si,if
devoir,have to
oui,Yes I am
ils,they
comme,such as
se,himself
venir,come over
sur,on
toi,you
quoi,what
ici,here
rien,nothing
ma,my
lui,it
bon,good
où,where
là,There
suivre,follow up
pourquoi,what for
parler,talk
prendre,take up
cette,this
votre,your
quand,when
son,its
alors,then
ton,tone
chose,thing
par,by
croire,believe
aimer,love it
falloir,have to
comment,how
très,very
ou,or
passer,go
penser,think
aussi,also
jamais,never
même,same
attendre,hang on
petit,small
trouver,get it
laisser,leave
merci,thank you
sa,its
autre,other
ta,your
arriver,arrive
ces,these
donner,give
regarder,watch
encore,yet
appeler,call
est-ce que,do
peu,little
homme,man
partir,get away
mes,my
toujours,always
jour,day
femme,woman
temps,time
maintenant,right now
notre,our
vie,life
deux,two
mettre,put
rester,stay
sans,without
seul,only
arrêter,stop
vraiment,really
connaître,know
quelque,some
sûr,safe
juste,just
tuer,kill
mourir,die
demander,request
peut-être,perhaps
dieu,god
fois,time
oh,oh
père,father
comprendre,figure out
sortir,go out
personne,no one
an,year
trop,too much
vrai,true
chez,in
fille,girl
aux,the
monde,world
ami,friend
mal,evil
après,after
avant,before
besoin,need
accord,agreement
ses,its
beau,good looking
monsieur,Mr.
grand,great
enfant,child
entendre,hear
voilà,here
chercher,look for
heure,time
mieux,better
déjà,already
tes,your
aider,help
mère,mother
essayer,try
quel,what
vos,your
depuis,since then
quelqu'un,someone
beaucoup,so much
revenir,return
donc,therefore
plaire,please
maison,home
gens,people
nuit,night
ah,ha
soir,evening
nom,name
bonjour,Hello there
jouer,play
finir,end up
peur,fear
mort,dead
parce que,because
perdre,lose
maman,mom
sentir,feel
ouais,yeah
rentrer,return
nos,our
argent,money
vivre,live
premier,first
problème,problem
quelle,what
rendre,render
dernier,last
tenir,hold
cet,this
main,hand
cela,it
vite,quickly
moins,less
oublier,forget
salut,salvation
fils,son
travailler,work
demain,tomorrow
tête,head
manger,eat
écouter,listen to
raison,reason
amour,love
entrer,enter
fait,fact
devenir,become
nouveau,new
hein,huh
commencer,begin
merde,shit
moment,time
voiture,car
vieux,old
revoir,revise
elles,they
payer,pay off
fou,crazy
tirer,Pull
ouvrir,open
oeil,eye
changer,change
question,issue
tomber,fall out
assez,enough
foutre,fuck
excuser,excuse
affaire,case
dormir,sleep
combien,how much
frère,brother
travail,work
idée,idea
eh,eh
puis,then
famille,family
tard,late
truc,thing
trois,three
tant,as
souvenir,memory
ni,or
tous,all
occuper,occupy
entre,between
ok,ok
marcher,walk
chance,chance
envoyer,send
aujourd'hui,present day
histoire,history
prêt,loan
jeune,young
apprendre,learn
boire,drink
garder,keep
quelques,a few
type,type
porte,Gate
montrer,show
mec,guy
porter,wear
asseoir,seat
contre,against
pendant,for
attention,watch out
droit,right
année,year
sous,under
prier,pray
meilleur,best
mois,month
lire,read
servir,pour it up
plein,full
madame,Mrs.
putain,whore
écrire,write off
part,share
eau,water
sang,blood
place,spot
espérer,hope
gros,big
désoler,distress
eux,them
retrouver,find
ville,city
terre,land
gagner,win
semaine,week
acheter,buy
longtemps,long time
gars,guy
chambre,room
hé,hey
côté,side
ensemble,together
leur,their
rappeler,call back
fort,strong
cas,case
mot,word
seulement,only
toucher,touch
voici,here you go
monter,get on
désolé,sorry
quitter,leave
police,police
suite,suite
matin,morning
emmener,drive
devant,in front
continuer,carry on
cher,expensive
enfin,at last
pardon,forgiveness
mari,husband
mauvais,bad
là-bas,over there
importer,import
papa,dad
vers,to
heureux,happy
feu,fire
train,train
manquer,miss
raconter,tell
film,film
répondre,answer
garçon,boy
chéri,darling
leurs,their
corps,body
celui,that
autres,other
loin,far away
aucun,no
sauver,save
pauvre,poor
chaque,each
retourner,go back
fin,end
rencontrer,meet
coeur,heart
voler,fly
fermer,close up
valoir,be worth
descendre,come down
docteur,doctor
important,important
suffire,suffice
façon,way
sembler,seem
dehors,outside
super,great
compter,count
aucune,no
joli,nice one
tiens,like
noir,black
hier,yesterday
chien,dog
dont,whose
guerre,war
genre,kind
marier,marry
arme,weapon
cause,cause
endroit,place
possible,possible
ordre,order
poser,lay down
reste,rest
pied,foot
envie,envy
près,close
inquiéter,worry
d'autres,other
bouger,move
boulot,job
plutôt,rather
apporter,bring
dur,hard
photo,photo
décider,decide
ainsi,thus
vendre,sale
école,school
chef,chief
cacher,hide
tourner,turn
gentil,nice
pays,country
ceux,those
expliquer,explain
battre,beat
peine,penalty
malade,sick
parent,relative
livre,book
agir,act
jeter,throw away
imaginer,imagine
tour,tour
adorer,worship
vérité,truth
instant,moment
recevoir,receive
bébé,baby
pleurer,cry
partie,part
nouvelle,news
prochain,next
jeu,game
amener,bring
coucher,sunset
derrière,behind
service,service
haut,top
plaisir,pleasure
long,time consuming
content,content
con,cunt
promettre,promise
mentir,lie
soeur,sister
bientôt,soon
lit,bed
tellement,so
bas,low
utiliser,use
lieu,place
presque,almost
passé,past
préférer,prefer
rire,laugh
café,coffee
roi,king
offrir,offer
verre,glass
réveiller,wake
aide,aid
d'abord,at first
journée,day
préparer,prepare
numéro,number
propre,own
permettre,allow
ramener,bring back
enlever,remove
lâcher,let go
calme,calm
lever,lift
choisir,choose
musique,music
conduire,lead
faute,fault
calmer,calm
dîner,dinner
mariage,marriage
bureau,office
route,road
chanter,sing
secret,secret
disparaître,disappear
général,general
dessus,over
présenter,present
accepter,accept
blanc,off white
baiser,kiss
sinon,otherwise
drôle,funny
confiance,confidence
cinq,five
bonsoir,good evening
compte,account
téléphone,phone
casser,break
frapper,hit
facile,easy
rêve,dream
copain,boyfriend
impossible,impossible
rue,street
lettre,letter
ignorer,ignore
froid,cold
fête,festival
couper,cut off
esprit,spirit
taire,silence
seigneur,lord
flic,cop
force,force
pareil,such
parfois,sometimes
capitaine,captain
âge,age
autant,as
plan,plan
pièce,piece
quatre,four
cul,ass
difficile,challenging
bras,arm
surtout,mainly
tromper,deceive
ressembler,look like
jurer,swear
simple,simple
prison,prison
sale,dirty
courir,run
pire,worse
état,state
remettre,hand over
carte,map
grave,serious
paix,peace
exactement,exactly
refuser,turn down
dès,from
président,president
cours,course
vivant,living
terminer,finish
ciel,sky
partout,all over
âme,soul
patron,boss
amuser,amuse
celle,that
visage,face
intéresser,interest
reconnaître,recognize
médecin,doctor
rapport,report
rouge,red
pardonner,forgive
avis,notice
embrasser,kiss
retour,return
sérieux,serious
danser,dance
humain,human
chaud,hot
maître,master
exister,exist
différent,different
faux,false
souvent,often
clair,clear
lumière,light
génial,great
normal,normal
libre,free
moyen,average
sûrement,surely
hôpital,hospital
ceci,this
réussir,succeed
bizarre,weird
voix,voice
or,or
protéger,protect
honneur,honor
tôt,early
équipe,team
prévenir,warn
cheval,horse
ailleurs,somewhere else
avion,aircraft
bout,end
habiter,dwell
faim,hunger
ensuite,then
l'un,one
déranger,disturb
reprendre,resume
oncle,uncle
toute,all
prix,price
retard,delay
détruire,destroy
cadeau,gift
pousser,Push
amoureux,in love
gueule,mouth
chemin,path
bateau,boat
sac,bag
seconde,second
sujet,topic
bête,beast
découvrir,find out
erreur,error
soleil,sun
voyage,travel
sauter,jump
rêver,dream
détester,hate
paraître,appear
balle,ball
empêcher,prevent
courant,current
maintenir,maintain
cheveu,hair
sauf,except
grâce,grace
papier,paper
présent,present
supposer,assume
tranquille,quiet
t,t
épouser,marry
table,table
dix,ten
clé,key
agent,agent
approcher,approach
gauche,left
sens,meaning
craindre,fear
six,six
message,message
crier,shout
salle,room
inviter,invite
effet,effect
réfléchir,think
espèce,species
arranger,arrange
naître,be born
allô,hello
bois,wood
propos,About
camp,camp
sorte,kind
hôtel,hotel
c,c
gamin,kid
début,beginning
souffrir,suffer
jambe,leg
remercier,thank
choix,choice
sécurité,security
avocat,lawyer
attraper,catch
dame,lady
client,customer
dépêcher,dispatch
peuple,people
abandonner,give up
vérifier,check up
journal,newspaper
brûler,burn
loi,law
fond,background
gosse,kid
américain,American
fric,money
situation,situation
euh,uh
accident,accident
doute,doubt
scène,scene
soldat,soldier
assurer,ensure
preuve,proof
ennemi,enemy
mer,sea
silence,silence
télé,TV
victime,victim
complètement,completely
doux,soft
pute,whore
garde,guard
meurtre,murder
groupe,group
salaud,bastard
traiter,deal
ferme,farm
doucement,gently
blesser,hurt
colonel,colonel
certain,some
parole,speech
triste,sad
honte,shame
intérieur,inside
dégager,free
soirée,evening
dangereux,dangerous
certains,some
armée,army
filer,spin
risquer,risk
dos,back
appel,call
visite,visit
mener,lead
fleur,flower
attaquer,attack
coin,corner
prince,prince
bordel,whorehouse
ancien,old
professeur,professor
fumer,smoke
répéter,repeat
habitude,habit
signer,Sign up
i,i
ficher,file
diable,devil
anniversaire,anniversary
mériter,deserve
réponse,answer
rejoindre,meet
bleu,blue
discuter,discuss
village,village
pourtant,yet
incroyable,incredible
avancer,advance
connerie,bullshit
reposer,rest
échapper,escape
riche,rich
forme,form
bruit,noise
chacun,each
fier,proud
exemple,example
charger,load
chat,cat
supporter,support
rendez-vous,appointment
debout,standing
public,public
obliger,force
dommage,too bad
trou,hole
étranger,foreign
accompagner,accompany
fenêtre,window
allemand,German
merveilleux,wonderful
oser,dare
impression,printing
sourire,smile
bouche,mouth
ligne,line
absolument,absolutely
étrange,strange
regretter,regret
mur,wall
enfer,hell
prouver,prove
boîte,box
santé,health
couvrir,cover up
magnifique,magnificent
obtenir,obtain
cuisine,kitchen
vue,view
terrible,terrible
peau,skin
éviter,avoid
autour,around
m,m
conseil,council
plaisanter,joke
vin,wine
animal,animal
exact,exact
déjeuner,lunch
est,EST
virer,transfer
régler,adjust
doigt,finger
souhaiter,wish
mission,mission
créer,create
mille,thousand
chanson,song
pote,buddy
surveiller,monitor
simplement,simply
recommencer,restart
robe,dress
adieu,farewell
moitié,half
billet,ticket
spécial,special
personnel,staff
sympa,nice
vaisseau,ship
moi-même,myself
anglais,English
coûter,cost
intéressant,interesting
poste,post
compris,including
signe,sign
français,French
vol,flight
couleur,color
image,image
connard,motherfucker
parier,bet
mme,Mrs
arbre,tree
bière,beer
poisson,fish
selon,according to
intérêt,interest
lieutenant,lieutenant
danger,Danger
appartenir,belong
remarquer,note
rater,miss
dedans,in
retirer,tap out
directeur,director
bord,edge
entier,whole
tenter,try
liberté,freedom
règle,rule
inutile,unnecessary
patient,patient
banque,bank
lancer,launch
partager,share
classe,class
dossier,file
ressentir,feel
bonheur,happiness
mignon,cute
défendre,defend
stupide,stupid
but,goal
bande,band
fatiguer,fatigue
radio,radio
prévoir,provide
vide,empty
celui-là,that one
camarade,comrade
douter,doubt
oiseau,bird
vent,wind
recherche,sought after
apprécier,appreciate
système,system
capable,capable
fuir,flee
ennui,boredom
tante,aunt
héros,hero
voleur,thief
politique,policy
plusieurs,several
arrière,back
excellent,top notch
pitié,pity
appartement,apartment
tel,such
bosser,work
respirer,breathe
juif,Jewish
récupérer,recover
douleur,pain
libérer,free
sentiment,feeling
grand-père,grandfather
société,company
nez,nose
joie,joy
relation,relation
témoin,witness
acteur,actor
bain,bath
durer,last
marché,market
laver,wash
dent,tooth
là-dedans,in there
mademoiselle,miss
adresse,address
cousin,cousin
compagnie,company
sonner,ring
chaussure,shoe
frais,costs
nul,null
oreille,ear
grand-mère,grandmother
art,art
avenir,future
deviner,guess
ravir,delight
blague,joke
commandant,commander
beauté,beauty
laisse,leash
course,race
coupable,guilty
manière,way
traverser,cross
expérience,experience
soin,care
hors,except
cour,court
retenir,retain
liste,list
remonter,ascend
réaliser,achieve
moquer,mock
étudier,study
installer,set up
courage,cheer up
dingue,crazy
milieu,environment
secours,relief
voisin,neighbor
proposer,offer
ridicule,ridiculous
inspecteur,inspector
projet,project
probablement,probably
rôle,role
risque,risk
ange,angel
action,action
avance,advance
parmi,among
langue,language
emporter,take
contraire,contrary
thé,tea
laquelle,which one
responsable,responsible
colère,anger
départ,departure
époque,time
marié,married
engager,engage
méchant,wicked
cesser,stop
tort,wrong
vacance,vacancy
là-haut,yonder
machine,machine
signifier,mean
russe,Russian
réparer,repair
construire,build
pain,bread
bar,bar
chier,le
club,club
j,j
monstre,monster
été,summer
horrible,horrible
profiter,benefit
pierre,stone
pleuvoir,rain
salope,slut
glace,ice
proche,akin
décision,decision
juge,judge
contrôle,control
séparer,separate
sept,seven
maladie,disease
nature,nature
quartier,Neighborhood
désirer,desire
travers,through
cigarette,cigarette
traîner,drag
respecter,respect
époux,husband
tas,heap
enfuir,escape
diriger,direct
imbécile,idiot
crever,die
fil,thread
combat,fight
poursuivre,continue
morceau,piece
église,church
demande,request
forcer,force
bombe,bomb
lequel,which
espoir,hope
malin,malignant
parfait,pitch perfect
tueur,killer
baisser,lower
grandir,grow up
innocent,innocent
dimanche,Sunday
taxi,cab
interdire,ban
enterrer,bury
causer,cause
survivre,survive
second,second
vert,green
commander,order
cinéma,cinema
match,match
information,information
saint,St.
toilette,toilet
d,d
nu,naked
gouvernement,government
nord,north
censé,supposed
officier,officer
ennuyer,bore
justement,exactly
montagne,mountain
prêter,lend
solution,solution
nettoyer,clean up
opération,operation
occasion,opportunity
atteindre,reach
rouler,roll over
environ,about
débarrasser,rid
arrivé,arrived
position,position
parti,party
cerveau,brain
excuse,excuse
avouer,confess
vêtement,clothing
assassin,assassin
superbe,superb
regard,look
plaindre,complain
remplir,fill in
contrôler,control
planète,planet
taper,type
mensonge,lie
lune,moon
démon,demon
nécessaire,necessary
mémoire,memory
magasin,store
téléphoner,call
dépendre,depend
sacré,sacred
jardin,garden
trace,trace
félicitation,congratulation
parfaire,perfect
attaque,attack
lait,milk
camion,truck
résultat,result
neuf,nine
bonne,good
renvoyer,return
base,base
puisque,since
reine,queen
repartir,restart
enfermer,lock
drogue,drug
droite,right
pur,pure
huit,eight
suivant,next
île,island
refaire,remake
habiller,dress
couteau,knife
enquête,survey
goût,taste
bravo,well done
pensée,thought
gêner,hinder
prisonnier,prisoner
sorcier,sorcerer
intelligent,intelligent
marre,fed up
importance,importance
éteindre,turn off
deuxième,second
nulle,null
bouteille,bottle
champ,field
o,o
rapporter,report
centre,center
militaire,military
coincer,jam
miracle,miracle
malheur,misfortune
réunion,meeting
acte,act
court,short
surprendre,surprise
convaincre,convince
livrer,deliver
quels,what
faîte,top
pont,bridge
immédiatement,immediately
caméra,camera
juger,judge
membre,member
voie,Lane
différence,difference
détail,detail
annoncer,announce
mien,mine
to,to
haïr,hate
test,test
spectacle,show
briser,break
gâteau,cake
certainement,definitely
conseiller,advisor
métier,job
enchanté,nice to meet u
chasser,hunt
attirer,attract
chapeau,hat
mienne,mine
allumer,turn on
cent,cent
respect,respect
criminel,criminal
sous-titrage,subtitling
étoile,star
charmant,charming
écraser,mash up
enfoiré,fucker
genou,knee
formidable,wonderful
arracher,snatch
foi,faith
inventer,invent
zone,area
enceinte,pregnant
honnête,honest
énerver,annoy
lâche,coward
mêler,mix
exploser,explode
réalité,reality
supplier,beg
étonner,surprise
nerveux,nervous
contrat,contract
marche,walking
placer,place
déposer,file
destin,destiny
urgence,emergency
gare,station
aveugle,blind
remplacer,replace
rapide,fast
accuser,accuse
celle-là,that one
terrain,field
nourrir,feed
folie,madness
accorder,grant
ranger,ranger
presser,press
certaines,some
emmerder,piss
vu,seen
reculer,back
sexe,sex
vache,cow
élever,raise
piste,track
prêtre,priest
jaloux,jealous
usine,plant
accrocher,hang
appareil,device
entendu,heard
fiancé,fiancé
costume,costume
coller,paste
code,code
danse,dance
campagne,campaign
intention,intention
valise,suitcase
serrer,tighten
justice,justice
défense,defense
arrêt,stop
malheureux,unhappy
telle,Such
niveau,level
entraîner,train
tendre,tender
envers,back
italien,Italian
crise,crisis
moindre,lesser
tableau,table
piquer,sting
admettre,admit
restaurant,restaurant
pilote,pilot
trésor,treasure
vierge,virgin
produire,produce
double,double
tombe,grave
menacer,threaten
poche,pocket
gâcher,spoil
odeur,odor
futur,future
souci,worry
lorsque,when
concerner,concern
énorme,huge
programme,syllabus
toit,roof
faible,low
représenter,represent
bénir,bless
fusil,gun
repas,meal
montre,watch
rose,pink
fantôme,ghost
plage,beach
endormir,sleep
entrée,Entrance
hasard,chance
louer,rent
soigner,treat
chasse,hunting
organiser,organize
sortie,Exit
examen,review
cadavre,corpse
passe,pass
couler,flow
rigoler,laugh
commettre,commit
inconnu,unknown
crétin,moron
privé,private
utile,helpful
in,in
sol,ground
volonté,will
quelles,what
ventre,belly
étudiant,student
trahir,betray
artiste,artist
lourd,heavy
débrouiller,untangle
shérif,sheriff
fâcher,upset
lui-même,itself
samedi,on Saturday
esclave,slave
malgré,in spite of
source,source
étage,floor
attacher,tie
joindre,join
horreur,horror
sexuel,sexual
pluie,rain
chinois,Chinese
celui-ci,this one
objet,object
finalement,finally
toi-même,thyself
presse,press
siècle,century
mlle,Ms
voyager,travel
larme,tear
ombre,shadow
nommer,name
cri,cry
rechercher,search for
conscience,conscience
parfaitement,perfectly
unique,sole
invité,guest
procès,trial
valeur,value
suspect,suspect
désir,desire
demi,half
maudit,accursed
menteur,liar
obéir,obey
mets,dish
troisième,third
saluer,greet
direction,direction
présence,presence
qu,that
paquet,package
vidéo,video
plat,flat
sein,breast
mordre,bite
nourriture,food
sort,fate
passage,passage
guérir,heal
nombreux,numerous
principal,principal
sage,wise
sommeil,sleep
goûter,taste
stop,stop
week-end,weekend
flingue,gat
article,article
viande,meat
détendre,loosen
interroger,question
étude,study
faillir,fail
talent,talent
condamner,condemn
blond,blond
cou,neck
puissant,powerful
au-dessus,over it
espace,space
profond,deep
marrant,funny
don,donation
apparaître,appear
marquer,mark
ramasser,pick up
égal,equal
château,castle
chemise,shirt
sec,dry
mètre,meter
abattre,knock down
unité,unit
policier,policeman
majesté,majesty
commissaire,commissioner
taille,size
apparemment,apparently
connaissance,knowledge
énergie,energy
considérer,consider
pendre,hang
cellule,cell
combattre,fight
posséder,have
discours,speech
bouffer,eat
naturel,natural
effort,effort
observer,watch
arrivée,arrival
dépasser,exceed
lycée,secondary school
fonctionner,function
gardien,guardian
fouiller,search
pomme,Apple
repos,rest
insister,insist
conversation,conversation
transformer,transform
annuler,cancel
empreinte,footprint
oeuvre,work
réunir,gather
médicament,drug
blessure,injury
réel,real
piger,twig
punir,punish
renoncer,give up
queue,tail
déclarer,report
agréable,nice
confier,entrust
théâtre,theater
leçon,lesson
infirmier,male nurse
violence,violence
ministre,minister
rompre,break up
éclater,break out
titre,title
alcool,alcohol
poulet,chicken
péché,Peach
éloigner,away
porc,pork
allonger,lengthen
appuyer,support
résoudre,resolve
com,com
os,bone
geste,gesture
blessé,injured
université,university
chauffeur,driver
tien,yours
fabriquer,manufacture
mouvement,movement
marque,brand
autrement,otherwise
nombre,number
balancer,swing
vitesse,speed
filmer,filming
chaise,chair
manteau,coat
ouvert,open
joyeux,merry
déconner,messing
voiler,veil
heureusement,fortunately
naissance,birth
former,form
sauvage,wild
concentrer,focus
succès,success
nana,girl
relever,raise
retraite,retirement
fruit,fruit
violer,rape
oeuf,egg
page,page
espagnol,Spanish
supérieur,top
coffre,safe
star,star
neige,snow
sérieusement,seriously
poil,hair
bêtise,foolishness
disputer,contest
lapin,rabbit
salon,living room
chaleur,heat
désormais,henceforth
miss,Miss
commun,common
pisser,piss
hiver,winter
contacter,contact
cochon,pig
collègue,colleague
résister,resist
ajouter,Add on
convenir,admit
chair,flesh
chaîne,chain
curieux,curious
celle-ci,this one
déplacer,move
bloquer,block
corde,rope
identifier,identify
minuit,midnight
veiller,watch
rattraper,catch up
planter,plant
direct,direct
particulier,particular
bref,brief
prudent,prudent
viser,aim for
caisse,cash register
génie,genius
tribunal,court
millier,thousand
lèvre,lip
national,national
prof,prof
moteur,engine
perte,loss
promener,promenade
léger,light
affreux,frightful
venger,revenge
veste,jacket
changement,change
terme,term
pantalon,pants
toutes,all
responsabilité,responsibility
brave,brave
informer,inform
préféré,favorite
pression,pressure
propriétaire,owner
lier,link
ordinateur,computer
fer,iron
effrayer,scare
fêter,celebrate
cauchemar,nightmare
lundi,on Monday
inquiet,worried
élève,student
saisir,grasp
impliquer,involve
ordonner,order
poule,hen
amitié,friendship
faveur,favor
vive,viva
ouest,west
extérieur,outside
carrière,career
série,series
perdu,lost
indiquer,indicate
examiner,examine
professionnel,professional
fesse,buttock
gaz,gas
puer,stink
l'une,one
peindre,paint
douche,shower
fantastique,fantastic
avaler,swallow
lien,link
fatigué,run down
portable,portable
lors,then
champagne,Champagne
désert,desert
rencontre,meeting
démarrer,kick off
prétendre,claim
vélo,bike
soutenir,hold up
singe,monkey
vision,vision
malheureusement,unfortunately
journaliste,journalist
gloire,glory
somme,sum
créature,creature
continue,continues
midi,noon
côte,coast
heu,er
franchement,honestly
amant,lover
champion,champion
noble,noble
exiger,require
victoire,victory
forêt,forest
visiter,visit
pistolet,gun
chasseur,hunter
saigner,bleed
herbe,grass
bouge,moves
identité,identity
soudain,suddenly
aise,pleased
glisser,slip
celles,those
social,social
vieil,old
gaffe,gaffe
vôtre,yours
patte,tab
apercevoir,see
offre,offer
frontière,border
poids,weight
couverture,coverage
réserver,book
univers,universe
provoquer,provoke
durant,during
trembler,tremble
embêter,bother
confirmer,confirm
passion,passion
adulte,adult
puissance,power
complet,No vacancy
fortune,fortune
disque,disk
hum,hum
participer,participate
cible,target
aile,wing
brillant,brilliant
lunette,lunette
canon,gun
essence,gasoline
foutu,fucking
paradis,paradise
décevoir,disappoint
réagir,react
hurler,shout out
aéroport,airport
mise,setting
piège,trap
pédé,fag
haine,hatred
débile,stupid
enregistrer,register
idéal,ideal
coupe,cut
enfance,childhood
science,science
autorité,authority
choc,shock
ballon,balloon
chocolat,chocolate
joueur,player
pis,udder
parc,park
zéro,zero
épée,sword
limite,limit
échange,exchange
fixer,fix
rivière,river
prière,prayer
révéler,give away
évident,obvious
vendredi,on Friday
employé,employee
bouton,button
déménager,move
précis,accurate
uniforme,uniform
épaule,shoulder
admirer,admire
théorie,theory
émission,emission
escalier,stairs
joue,cheek
soupe,soup
promesse,promise
serpent,snake
botte,boot
également,also
mesure,measure
tir,shooting
chèque,check
accueillir,welcome
bataille,battle
sucre,sugar
enseigner,teach
plonger,plunge
éternel,eternal
saison,season
assistant,assistant
habituer,accustom
sombre,dark
buter,abut
promis,promised
soif,thirst
abruti,stupid
b,b
enculé,fucker
modèle,model
fidèle,faithful
explication,explanation
mode,mode
célèbre,famous
péter,fart
scientifique,scientific
concert,concert
personnage,character
distance,distance
urgent,urgent
médical,medical
vague,wave
meurtrier,murderer
date,date
commande,order
bel,beautiful
cimetière,cemetery
emprunter,borrow
humeur,mood
noter,note
mortel,mortal
secrétaire,secretary
verser,pay
permission,permission
lac,lake
allo,Hello
dépenser,spend
ordure,filth
immeuble,building
tâche,task
chouette,owl
emploi,employment
troupe,troupe
assassiner,murder
là-dessus,thereupon
mince,thin
gorge,throat
avertir,warn
matériel,equipment
revolver,revolver
adresser,address
affronter,confront
vider,empty
boule,ball
patience,patience
traître,traitor
échouer,fail
produit,product
nouvel,new
assister,assist
race,race
venu,come
parer,ward
reçu,received
fiston,son
loup,wolf
aube,dawn
permis,allowed
nager,swim
menace,threat
bague,ring
autoriser,authorize
éliminer,eliminate
nuage,cloud
foncer,charge
foyer,home
bal,ball
souris,mouse
auprès,with
subir,undergo
nerf,nerve
feuille,sheet
suicider,suicide
hésiter,hesitate
contenir,contain
exprimer,express
crâne,skull
souffrance,suffering
ouvrier,worker
parfum,perfume
labo,lab
dessiner,draw
pot,pot
augmenter,increase
chou,cabbage
chut,hush
assurance,insurance
armer,arm
station,station
bagage,luggage
physique,physical
aventure,adventure
fac,uni
dénoncer,report
dessin,drawing
voter,vote
citoyen,citizen
extraordinaire,extraordinary
opérer,operate
davantage,further
palais,palace
accès,access
peinture,painting
sud,south
vingt,twenty
ménage,household
procureur,prosecutor
siège,seat
véritable,true
amusant,funny
lendemain,tomorrow
rassurer,reassure
traitement,treatment
centaine,hundred
délicieux,delicious
couloir,corridor
masque,mask
dessous,beneath
rond,round
qualité,quality
croix,cross
fuite,leak
fichu,damn
contenter,please
effacer,delete
suggérer,suggest
jaune,yellow
briller,shine
cesse,stops
croiser,cross
puce,chip
paysan,peasant
envoler,fly
essai,test
moche,ugly
jeunesse,youth
courageux,courageous
tienne,yours
totalement,totally
job,job
sourd,deaf
voeu,vow
raser,raze
événement,event
partenaire,partner
dit,said
soi,self
étouffer,choke
total,Grand total
volant,flying
tarder,delay
entreprise,business
miroir,mirror
souffler,breathe
décrire,describe
vengeance,vengeance
prise,taking
raisonnable,reasonable
pause,pause
évidemment,of course
rang,rank
crédit,credit
vous-même,yourself
maire,mayor
région,region
môme,kid
raccrocher,hang up
origine,origin
goutte,drop
approche,approach
mystère,mystery
exciter,excite
grand-chose,much
signaler,report
gay,gay
cracher,spit
réduire,cut back
printemps,spring
vaincre,defeat
noyer,walnut
foule,crowd
fini,finished
expert,expert
royaume,kingdom
studio,studio
rembourser,repay
cents,cents
imagination,imagination
habit,habit
poupée,baby doll
bâtiment,building
espion,spy
ambulance,ambulance
vente,sale
gérer,manage
divorcer,divorce
interrompre,interrupt
exprès,express
échanger,exchange
comte,count
sergent,sergeant
enterrement,burial
suicide,suicide
large,wide
monnaie,currency
chiffre,figure
conclure,wrap up
fromage,cheese
repérer,spot
garer,park
cuisiner,cook
furieux,furious
poème,poem
cogner,bang
rayon,aisle
taule,slammer
souffle,breath
alerte,alert
insulter,insult
flamme,flame
magique,magic
repasser,iron
exagérer,exaggerate
autrefois,in the past
facilement,easily
sexy,sexy
veuf,widower
sensible,sensitive
tuyau,pipe
atterrir,touch down
directement,directly
barrer,bar
méfier,beware
moral,moral
demi-heure,half-hour
f,f
sain,healthy
pari,bet
violent,violent
maîtresse,mistress
asile,asylum
inspirer,inspire
divin,divine
armé,armed
boutique,shop
hop,hop
secteur,sector
embarquer,embark
rapidement,quickly
lentement,slowly
déchirer,tear
poitrine,chest
salaire,wage
bite,cock
baigner,bathe
colline,hill
réaction,reaction
otage,hostage
épargner,save
télévision,television
établir,establish
principe,principle
émotion,emotion
technique,technical
absurde,absurd
monseigneur,Monseigneur
dette,debt
explosion,explosion
vomir,vomit
liquide,liquid
jeudi,Thursday
rassembler,gather
adorable,adorable
abri,shelter
chant,chant
raccompagner,escort
prénom,first name
possibilité,possibility
lampe,lamp
comparer,compare
roman,novel
associé,partner
sable,sand
au-delà,beyond
portrait,portrait
romantique,romantic
copie,copy
sacrifier,sacrifice
période,period
débarquer,land
magie,magic
pub,pub
fournir,provide
serviette,towel
semblant,semblance
géant,giant
net,net
passeport,passport
pointer,point
empereur,emperor
torturer,torture
central,central
pressé,pressed
jouet,toy
info,info
lutter,fight
inscrire,enroll
épuiser,exhaust
ascenseur,lift
digne,worthy
saloperie,rubbish
mandat,mandate
garage,garage
moto,motorcycle
vif,bright
rapprocher,bring closer
figure,figure
unir,unite
chute,fall
japonais,Japanese
sacrer,crown
creuser,dig
satisfaire,satisfy
transmettre,transmit
attente,waiting
donne,gives
élevé,high
gant,glove
décrocher,unhook
révolution,revolution
exécuter,perform
fièvre,fever
accomplir,accomplish
existence,existence
impressionner,impress
pêche,Peach
prononcer,pronounce
océan,ocean
original,original
vilain,ugly
nier,deny
document,document
méthode,method
écarter,spread
précieux,precious
guider,guide
kilomètre,kilometer
nation,nation
protection,protection
manque,lack
musical,musical
écoute,listening
ordinaire,ordinary
religion,religion
mouche,fly
avantage,advantage
solide,solid
indien,Indian
boucler,buckle
détective,detective
songer,reflect
comporter,include
panne,breakdown
écrivain,writer
ours,bear
commission,commission
passager,passenger
boucher,Butcher
ha,ha
remuer,stir
communiste,Communist
poussière,dust
mai,May
clef,key
échec,failure
balader,stroll
chrétien,Christian
témoigner,testify
gratuit,free
minable,pathetic
ticket,ticket
soulever,lift
forcément,necessarily
céder,Give way
hélas,alas
foot,football
barbe,beard
incapable,incapable
priver,deprive
élément,element
renverser,reverse
cave,cellar
courrier,mail
entourer,surround
virus,virus
bagnole,wagon
concours,contest
terroriste,terrorist
canard,duck
führer,fuhrer
cérémonie,ceremony
chic,chic
officiel,official
annonce,ad
écran,screen
mardi,on Tuesday
piscine,swimming pool
imposer,impose
correspondre,correspond
discussion,discussion
piano,piano
estomac,stomach
auteur,author
médecine,medicine
compliqué,complicated
grec,Greek
délicat,delicate
foie,liver
sucer,suck
activité,activity
bonbon,candy
guerrier,warrior
épreuve,test
geler,freeze
aimable,friendly
la plupart des,most
peser,weigh
chagrin,grief
dé,thimble
patrie,homeland
communauté,community
éprouver,experience
négatif,negative
pratique,practice
généreux,generous
humanité,humanity
excellence,excellence
arabe,Arabic
enfoncer,push
analyse,analysis
critique,critical
cirque,circus
serveur,server
objectif,objective
lutte,fight
agence,agency
couronne,crown
rejeter,cast away
bye,bye
poudre,powder
sacrifice,sacrifice
sous-titre,subtitle
cloche,bell
crème,cream
danseur,dancer
attitude,attitude
quart,quarter
déshabiller,undress
achever,finish
amen,amen
pompe,pump
charme,charm
séance,meeting
neveu,nephew
robot,robot
pourrir,rot
file,queue
absence,absence
quiconque,whoever
bah,bah
nôtres,ours
parvenir,achieve
régner,reign
propriété,property
huile,oil
surface,surface
pourri,rotten
chérir,cherish
instrument,instrument
exercice,exercise
culture,culture
poète,poet
honorer,honor
bienvenue,welcome
pilule,pill
repousser,put off
facture,bill
classique,classical
ceinture,belt
oublie,forget it
volontaire,voluntary
gris,gray
soucier,worry
proposition,proposal
grouiller,swarm
exposer,exhibit
moderne,modern
intervenir,intervene
instruction,instruction
jus,juice
améliorer,improve
compliquer,complicate
compagnon,companion
cercueil,coffin
indice,index
rock,rock
rumeur,rumor
comédie,comedy
bourrer,stuff
cassé,broken
véhicule,vehicle
jouir,enjoy
transporter,transport
saurer,saurer
phrase,sentence
navire,ship
cabinet,cabinet
tenue,holding
fonction,function
quinze,fifteen
tasse,cup
étendre,expand
nazi,Nazi
roue,wheel
uniquement,only
plante,plant
sel,salt
douze,twelve
circonstance,circumstance
salade,salad
salopard,bastard
cercle,circle
piéger,trap
chauffer,heat
gouverneur,governor
garce,bitch
cuire,cook
cependant,however
anneau,ring
paire,pair
pré,meadow
domaine,field
soulager,relieve
fleuve,river
immense,immense
incident,incident
essentiel,essential
mercredi,on Wednesday
pourvoir,fill
fermé,closed
placard,cupboard
fan,fan
estimer,estimate
r,r
magazine,magazine
renfort,reinforcement
pile,battery
relâcher,release
réputation,reputation
logique,logic
poubelle,trash can
for,for
degré,degree
règlement,settlement
assiette,plate
craquer,crack
serment,oath
chanteur,singer
célibataire,single
décoller,take off
merveille,marvel
clinique,clinical
ingénieur,engineer
réserve,reserve
autorisation,authorization
voyou,thug
récemment,recently
disposer,dispose
grimper,climb
publier,publish
naturellement,naturally
tache,spot
complice,accomplice
réjouir,rejoice
draguer,dredge
réclamer,claim
appétit,appetite
organisation,organization
marin,marine
comportement,behavior
scandale,scandal
donnée,given
orange,Orange
assis,seated
lion,lion
baron,baron
tomate,tomato
congé,leave
nègre,negro
cardiaque,cardiac
musée,museum
bijoux,jewelry
tester,test
occupé,busy
maximum,maximum
piper,piper
reconnaissant,grateful
arrestation,arrest
tournée,tour
diamant,diamond
tradition,tradition
génération,generation
voile,veil
interne,internal
plaque,plate
éducation,education
renseigner,inquire
commandement,command
vieillir,age
ennuyeux,boring
rythme,pace
texte,text
ruiner,ruin
répandre,spill
développer,develop
légende,legend
normalement,normally
ongle,nail
électrique,electric
liaison,link
transport,transport
brancher,hook up
marchand,dealer
douer,endow
entraînement,training
réfléchi,thoughtful
fumée,smoke
plomb,lead
dégoûtant,disgusting
prime,premium
tapis,carpet
version,version
cieux,heavens
gai,gay
cabine,cabin
positif,positive
hauteur,height
abuser,abuse
dégueulasse,disgusting
oignon,onion
écrit,written
reparler,talk
couche,layer
laid,ugly
collier,necklace
équipage,crew
illégal,illegal
soupçonner,suspect
disparu,missing
reprocher,blame
conférence,conference
persuader,persuade
vain,vain
bibliothèque,library
étonnant,surprising
incendie,fire
religieux,religious
âgé,old
semer,sow
nôtre,our
paniquer,panic
poison,poison
sénateur,senator
garantir,guarantee
veine,vein
déclaration,statement
accusation,charge
tempête,storm
bandit,bandit
dévorer,devour
meuble,cabinet
trente,thirty
drapeau,flag
détacher,detach
bourse,scholarship
récompense,reward
enquêter,investigate
mesurer,measure
solitude,solitude
empoisonner,poison
mystérieux,mysterious
opéra,opera
commerce,trade
puits,well
sincère,sincere
statue,statue
cap,cape
sécher,dry
empire,empire
employer,use
pro,pro
régime,regime
hôte,host
jumeau,twin
volontiers,willingly
mouiller,wet
mental,mental
top,top
populaire,popular
misérable,miserable
man,man
alarme,alarm
frigo,fridge
conséquence,result
demi-tour,about-turn
fauteuil,chair
bagarre,brawl
tunnel,tunnel
sauce,sauce
cinglé,crazy
correct,correct
drap,sheet
déclencher,set off
expression,expression
conduite,conduct
surveillance,surveillance
contrer,counteract
illusion,illusion
scénario,scenario
rideau,curtain
communiquer,communicate
territoire,territory
poésie,poetry
tentative,attempt
secouer,shake
profondément,deeply
renseignement,Intelligence
pénétrer,enter
fréquenter,frequent
franchir,jump over
cingler,sting
évanouir,vanish
entretien,maintenance
soutien,support
caractère,character
emballer,pack
alliance,alliance
boucle,curly
négocier,negotiate
hâte,haste
as,ace
démolir,tear down
planquer,stash
barre,bar
misère,misery
clairement,clearly
concevoir,design
fumier,manure
production,production
comité,committee
navrer,navrer
fameux,famous
auto,auto
mamie,granny
bâtir,build
trahison,betrayal
canapé,couch
boisson,drink
étrangler,strangle
catholique,Catholic
progrès,progress
riz,rice
consulter,consult
signature,signature
dose,dose
réveil,revival
intelligence,intelligence
transférer,transfer
u,u
bisou,kiss
personnellement,personally
loger,house
dégoûter,disgust
défaut,fault
messe,mass
bougie,candle
ouverture,opening
ivre,drunk
cage,cage
suffisamment,enough
consacrer,devote
réellement,really
invitation,invitation
aïe,ouch
parking,parking
araignée,spider
éternité,eternity
opposer,oppose
fédéral,federal
communication,communication
métro,subway
culotte,panties
bâton,stick
plastique,plastic
trait,trait
tireur,shooter
appart,appart
branche,hipster
miel,honey
éclairer,light
coïncidence,coincidence
halte,stop
absolu,absolute
toile,canvas
féminin,female
ruine,ruin
cravate,tie
dealer,dealer
portefeuille,portfolio
redevenir,become again
appliquer,apply
dresser,train
elle-même,itself
bonté,goodness
angoisse,anxiety
bouffe,food
casier,locker
bible,Bible
envier,envy
démissionner,resign
vertu,virtue
plaisanterie,joke
pasteur,pastor
pension,pension
stylo,pen
candidat,candidate
choper,bust
capturer,capture
muet,mute
apparence,appearance
musicien,musician
bol,bowl
évacuer,evacuate
technologie,technology
suffisant,sufficient
saleté,dirt
guide,guide
international,international
citer,quote
poing,fist
gagnant,winner
milliard,billion
salir,soil
célébrer,celebrate
exécution,execution
soumettre,submit
injuste,unfair
ministère,ministry
réception,reception
sommet,top
trouille,funk
ralentir,slow down
préoccuper,concern
tube,tube
envahir,invade
peste,plague
racheter,redeem
thème,theme
épisode,episode
fondre,melt
excitant,exciting
capacité,capacity
bloc,block
invisible,invisible
mater,mater
éveiller,awaken
diplôme,graduate
sensation,sensation
humour,humor
psy,psy
cendre,ash
compliment,compliment
loyer,rent
entièrement,entirely
plateau,plateau
élection,election
douloureux,painful
cigare,cigar
orage,storm
tire,draws
pêcher,fish
canal,channel
miens,mine
réalisateur,director
trouble,disorder
veille,eve
vodka,vodka
rocher,rock
linge,washing
noce,nuptials
câble,cable
cité,city
guère,little
peintre,painter
matière,material
intime,intimate
économie,economy
instinct,instinct
porno,porn
atelier,workshop
collection,collection
major,Staff
automne,fall
pencher,lean
personnalité,personality
recommander,recommend
absent,absent
massacrer,massacre
douceur,sweetness
défoncer,smash
échantillon,sample
vendeur,seller
couvent,convent
solitaire,solitary
ôter,remove
légal,legal
mineur,minor
came,cam
masse,mass
splendide,splendid
bien-aimé,beloved
missile,missile
spécialiste,specialist
marquis,marquis
baleine,whale
dater,date
exceptionnel,exceptional
habitant,inhabitant
polonais,Polish
savon,soap
langage,language
tissu,fabric
brigade,brigade
tente,tent
poumon,lung
villa,villa
adjudant,adjutant
séjour,stay
tournage,shooting
las,las
ski,skiing
motif,pattern
dispute,dispute
beau-père,father in law
investir,invest
issue,outcome
gonfler,inflate
pâle,pale
accoucher,birth
pâte,dough
catastrophe,disaster
basket,basketball
jungle,jungle
cachet,stamp
extraterrestre,Extraterrestrial
séduire,seduce
bienvenu,welcome
chaussette,sock
hommage,tribute
merder,fuck up
nucléaire,nuclear
bavarder,chat
serviteur,servant
envisager,consider
lent,slow
pipe,pipe
bâtard,bastard
flotte,fleet
timide,shy
ténèbres,darkness
découverte,discovery
vitre,window
beurre,butter
disparition,disappearance
médaille,medal
conscient,conscious
troubler,disturb
reproduire,reproduce
toast,toast
tonne,ton
réchauffer,warm up
sympathique,sympathetic
panique,panic
flipper,flipper
pouce,inch
adjoint,assistant
confondre,confound
procédure,procedure
tricher,cheat
remède,remedy
agneau,Lamb
marrer,laugh
témoignage,testimony
pose,pose
par-dessus,over
ô,oh
affecter,affect
confesser,confess
nain,dwarf
damoiseau,damoiseau
septembre,September
carton,carton
distraire,distract
humilier,humiliate
tabac,tobacco
exception,exception
fonder,base
gras,fat
impressionnant,awesome
accusé,accused
chevalier,knight
saucisse,sausage
cuisinier,cook
tremper,dip
grève,strike
tendresse,tenderness
ravissant,delightful
applaudir,cheer
photographe,photographer
abîmer,spoil
bidon,can
are,are
lecture,reading
mexicain,Mexican
quatrième,fourth
déborder,overflow
pars,pars
étape,step
offenser,offend
accélérer,accelerate
congrès,congress
percer,drill
électricité,electricity
difficulté,difficulty
uns,each
vachement,really
curé,priest
panier,shopping cart
féliciter,congratulate
braquer,shine
caresser,stroke
galerie,gallery
temple,temple
population,population
température,temperature
jusque,up
familial,family
habituel,usual
allumette,match
afin de,in order to
dominer,dominate
pouls,pulse
business,business
luxe,luxury
sous-marin,submarine
discret,discrete
mentionner,mention
muscle,muscle
affirmer,assert
baser,base
tragédie,tragedy
luire,glisten
chirurgien,surgeon
enchanter,enchant
justifier,justify
maîtriser,control
botter,kick
vexer,vex
brun,brown
département,department
soupçon,suspicion
doubler,double
parcourir,look over
filet,net
boiter,limp
casque,helmet
four,oven
enculer,fuck
traduire,translate
bonhomme,fellow
analyser,analyze
dentiste,dentist
approuver,Sign off
individu,individual
cabane,hut
pipi,pee
éléphant,elephant
fabuleux,fabulous
viol,rape
promenade,walk
go,go
fée,fairy
gage,pledge
souper,supper
plume,pen
reconnaissance,recognition
suprême,supreme
encourager,encourage
ressortir,stand out
kidnapper,kidnap
mouton,sheep
marchandise,commodity
telles,such
aîné,elder
circuler,circulate
tigre,tiger
terreur,terror
légume,vegetable
adopter,adopt
claquer,slam
impôt,tax
stade,stage
orphelin,orphan
boue,mud
fonds,funds
pompier,fireman
conserver,keep
plainte,complaint
répétition,repetition
pigeon,pigeon
commissariat,police station
tandis que,while
vote,vote
mépriser,despise
micro,mike
plaie,wound
connu,known
disposition,provision
tels,such
maigre,lean
travailleur,hard working
symbole,symbol
taré,calibrated
sienne,hers
certes,certainly
conquérir,conquer
drame,drama
déguiser,Dressing
actuel,current
portée,scope
domestique,domestic
mâle,male
promotion,promotion
enregistrement,check in
particulièrement,particularly
extrême,extreme
autoroute,Freeway
faucher,mow
saut,jump
laboratoire,laboratory
foirer,foirer
nuire,harm
la plupart,most
écart,gap
faiblesse,weakness
imiter,imitate
orchestre,orchestra
effrayant,scary
extrêmement,extremely
munition,munition
pratiquement,virtually
ceux-là,those ones
tiroir,drawer
agiter,shake
préserver,preserve
rebelle,rebel
dignité,dignity
larguer,drop
machin,gadget
attentat,attempt
complexe,self conscious
accent,accent
cervelle,brains
combinaison,combination
crainte,fear
efficace,effective
exercer,exercise
saute,stir fry
déterminer,determine
bander,bandage
mêmes,same
aura,aura
patate,spud
bouclier,shield
change,exchange
usage,use
délivrer,issue
profil,profile
auberge,Inn
patrouille,patrol
réseau,network
consoler,console
figurer,figure
formation,training
marge,margin
chariot,trolley
plier,fold
mélanger,mix
touriste,tourist
métal,metal
aiguille,needle
obscurité,darkness
détourner,divert
poignarder,stab
tarte,pie
trône,throne
destruction,destruction
grain,grain
profit,profit
tsar,tsar
allié,ally
semblable,similar
avenue,Avenue
éclat,shine
coiffeur,hairdresser
syndicat,union
cuir,leather
détenu,inmate
manche,handle
batterie,battery
lame,blade
dégât,damage
griller,grill
prostitué,prostitute
outil,tool
âne,ass
producteur,producer
malédiction,curse
objection,objection
survivant,survivor
explosif,explosive
auparavant,before
échelle,scale
conducteur,driver
isoler,isolate
lécher,lick
légitime,legitimate
composer,compose
arroser,water
chèvre,goat
fourrer,shove
homicide,homicide
rarement,rarely
distribuer,distribute
brute,brute
prétexte,excuse
oxygène,oxygen
petit-déjeuner,Breakfast
tonton,Uncle
trafic,traffic
suspendre,suspend
audience,audience
curiosité,curiosity
quai,dock
yeah,yeah
dragon,dragon
cran,guts
traquer,track
hélicoptère,helicopter
rein,kidney
touche,key
influence,influence
écrouler,collapse
commentaire,comment
brique,brick
engueuler,shout
relax,take it easy
etc,etc.
conclusion,conclusion
pratiquer,practice
acier,steel
guitare,guitar
ambassadeur,ambassador
interdit,prohibited
atmosphère,atmosphere
pognon,dough
pétrole,oil
pervers,perverse
cueillir,pick
accueil,welcome
clou,nail
tragique,tragic
magicien,magician
revanche,revenge
conflit,conflict
mondial,global
bouleverser,upset
insecte,insect
regret,regret
confortable,comfortable
aérien,air
commercial,sales representative
pénible,painful
charité,charity
délirer,rave
massacre,massacre
onze,eleven
emménager,move
loge,lodge
organe,organ
zut,heck
sien,his
gendarme,gendarme
jalousie,jealousy
livraison,Shipping
associer,associate
provenir,result
violon,violin
écriture,writing
désordre,disorder
éclair,lightning
condamné,condemned
thérapie,therapy
casse,breakage
lesbien,lesbian
poignée,handle
user,use
fierté,pride
sagesse,wisdom
sincèrement,sincerely
choquer,shock
effectivement,indeed
déesse,goddess
mairie,town Hall
vedette,star
cadre,framework
surpris,surprised
vallée,valley
silencieux,silent
aussitôt,immediately
délit,offense
psychiatre,psychiatrist
sous-sol,basement
menu,menu
bouquin,book
lady,Lady
défier,challenge
adapter,adapt
bracelet,bracelet
supprimer,remove
pneu,tire
pull,sweater
endormi,asleep
satellite,satellite
cavalier,jumper
administration,administration
juin,June
barrage,dam
dessert,dessert
agresser,assault
tristesse,sadness
reporter,carry over
planche,board
capitale,capital
capital,capital
demeure,residence
record,record
intervention,intervention
pointe,tip
conviction,conviction
frite,fried
inconscient,unconscious
historique,historical
quotidien,daily
conte,tale
profondeur,depth
publicité,advertising
tailler,cut
angle,angle
lot,lot
fiancer,betroth
entretenir,maintain
fillette,child
tranquillement,quietly
enveloppe,envelope
mark,mark
impatient,impatient
carnet,book
revenu,income
ère,era
phase,phase
résistance,resistance
remarquable,remarkable
effondrer,collapse
dépôt,deposit
baby,baby
disponible,available
délire,delirium
richesse,wealth
paysage,landscape
demeurer,remain
piloter,pilot
droguer,drug
anéantir,wipe out
coucou,cuckoo
marine,navy
punition,punishment
beau-frère,brother in law
construction,construction
démocratie,democracy
morale,morals
vainqueur,winner
embaucher,hire
fringue,dud
assommer,knock out
concernant,concerning
division,division
gentleman,gentleman
affection,affection
rajouter,add
siffler,whistle
tolérer,tolerate
romain,Roman
chapitre,chapter
cicatrice,scar
dalle,slab
tendance,trend
raté,missed
chantier,site
soûl,drunk
torture,torture
foudre,lightning
empirer,worse
altesse,highness
mouillé,wet
procéder,proceed
agression,assault
ivrogne,drunkard
grossier,coarse
bousiller,botch
douzaine,dozen
chanceux,fortunate
révérend,reverend
insensé,foolish
chiotte,shit
localiser,locate
basque,Basque
quoique,though
querelle,quarrel
assumer,assume
noix,nuts
confession,confession
boy,boy
décès,death
relier,link
équipement,equipment
européen,European
mobile,mobile
désastre,disaster
précisément,precisely
poster,post
évader,escape
emparer,possession
flotter,float
aspect,appearance
moustache,Moustache
procurer,obtain
distinguer,distinguish
flèche,arrow
soviétique,Soviet
jupe,skirt
possession,possession
ancêtre,ancestor
casino,casino
détenir,hold
rempli,filled
tabasser,beat up
cuisse,thigh
doué,gifted
financier,financial
branler,wobble
biscuit,biscuit
découper,cut out
matinée,morning
précédent,previous
futé,smart
panneau,panel
coma,coma
mis,placed
anonyme,anonymous
août,August
homo,homo
marteau,hammer
mont,mount
visiteur,visitor
infini,infinity
activer,activate
recette,recipe
introduire,introduce
aborder,approach
cinquante,fifty
formule,formula
racine,root
frotter,rub
destiner,destine
industrie,industry
économiser,save
spirituel,spiritual
chômage,unemployment
fâché,angry
by,by
vôtres,yours
coq,cock
plaquer,plate
fasciste,fascist
mourant,dying
humble,humble
civilisation,civilization
récent,recent
baignoire,bath
duc,duke
désespéré,desperate
bourgeois,bourgeois
pris,taken
rétablir,restore
baisse,drop
héritage,legacy
manipuler,handle
ambiance,ambiance
exposition,exposure
prophète,prophet
flatter,flatter
manuel,manual
mannequin,model
option,option
défaire,undo
régiment,regiment
vice,vice
certificat,certificate
papillon,butterfly
facteur,factor
baraque,shed
énormément,enormously
corriger,correct
nid,nest
tordre,twist
défi,challenge
vital,vital
volé,stolen
deuil,mourning
grotte,cave
requin,shark
cheville,ankle
autopsie,autopsy
déplaire,displease
boum,bang
désespérer,despair
trinquer,toast
tué,slew
chacune,each
couvert,covered
amer,bitter
calculer,calculate
supermarché,supermarket
sot,fool
allée,driveway
zoo,zoo
priorité,priority
balayer,sweep
routine,routine
assaut,assault
vulgaire,vulgar
classer,classify
engagement,commitment
gratter,scratch
rituel,ritual
vaisselle,washing up
repentir,repentance
aspirer,aspirate
cognac,cognac
musulman,Muslim
citron,lemon
honnêtement,honestly
louper,miss out on
indépendant,independent
jadis,once
tatouage,tattoo
cadet,younger brother
discipline,discipline
association,association
favori,favorite
fraise,Strawberry
province,province
serré,tight
trancher,cut
juillet,July
saoul,drunk
acide,acid
clope,butt
colonne,column
refermer,close
hériter,inherit
nan,nan
onde,wave
réciter,recite
coopérer,cooperate
intact,intact
obligé,forced
retarder,delay
implorer,implore
chiant,boring
terriblement,terribly
précipiter,rush
phare,lighthouse
char,tank
quelquefois,sometimes
femelle,female
chirurgie,surgery
moine,monk
berger,shepherd
foire,fair
opportunité,timeliness
malentendu,misunderstanding
essuyer,wipe
cachette,stash
instituteur,teacher
perturber,disrupt
miser,bet
portugais,Portuguese
octobre,October
après-demain,day after tomorrow
horaire,schedule
lesquelles,which
actif,active
sublime,sublime
vieillard,old
familier,familiar
talon,heel
potentiel,potential
sueur,sweat
extra,extra
fatal,fatal
domicile,home
cérébral,cerebral
ronger,gnaw
grenade,grenade
interrogatoire,interrogation
juré,juror
menotte,cuff
fascinant,fascinating
caravane,caravan
comté,county
survie,survival
symptôme,symptom
audition,hearing
intellectuel,intellectual
frappe,strike
redescendre,down
damer,tamp
potion,potion
répugnant,disgusting
antenne,antenna
collège,college
descente,descent
tribu,tribe
culpabilité,guilt
mafia,mafia
orgueil,pride
ramper,crawl
évoquer,evoke
fermeture,closure
mouchoir,handkerchief
bail,lease
troupeau,herd
gaspiller,waste
précédemment,previously
évidence,evidence
calcul,calculation
coquin,rascal
plaider,plead
ya,ago
scanner,scanner
honorable,honorable
ressusciter,resurrect
glacé,iced
télégramme,telegram
insupportable,unbearable
majorité,majority
graine,seed
piqûre,sting
tâcher,try
enfiler,thread
tonnerre,thunder
actuellement,now
cheminée,fireplace
maquillage,make up
hanter,haunt
dérouler,unroll
tennis,tennis
gré,will
flinguer,flinguer
obligation,obligation
slip,underpants
exclure,exclude
sirène,siren
gentiment,kindly
clocher,steeple
cinquième,fifth
chaos,chaos
gonzesse,chick
crapaud,toad
album,album
déposition,deposition
engin,machine
dernièrement,recently
lointain,distant
remarque,remark
élire,elect
avril,April
humide,wet
taux,rate
défunt,dead
budget,budget
périr,perish
joint,joint
limiter,limit
comptable,accounting
fermier,farmer
reportage,report
ambition,ambition
aveu,confession
concierge,concierge
création,creation
raide,steep
bénédiction,blessing
maquiller,make up
latin,Latin
banane,banana
voyageur,traveler
alibi,alibi
logement,housing
chauve,bald
fixe,fixed
harceler,harass
mûr,mature
noeud,node
fichier,file
nous-mêmes,ourselves
majeur,major
correctement,correctly
dizaine,decade
transfert,transfer
obscur,dark
recouvrir,cover
brouillard,fog
contrarier,upset
délai,time frame
quitte,quits
retomber,relapse
champignon,mushroom
poursuite,pursuit
peso,peso
spatial,spatial
confus,confused
grille,grid
chameau,camel
probable,probable
adversaire,opponent
aimé,loved
crayon,pencil
gâter,spoil
loyal,loyal
surgir,pop up
atroce,atrocious
espionner,spy
look,look
canne,cane
balai,broom
désagréable,unpleasant
modifier,change
testament,will
cm,cm
pétrin,mess
caution,bail
minimum,minimum
convoquer,call
destination,destination
messager,messenger
t-shirt,T-shirt
trottoir,sidewalk
pincer,pinch
processus,process
bombarder,bomb
défiler,pass
boeuf,Beef
condoléance,Condolence
taureau,bull
héritier,heir
sportif,sports
épouvantable,terrible
représentant,representative
intimité,privacy
judiciaire,judicial
étroit,close
drôlement,funnily
banc,bench
camionnette,van
phénomène,phenomenon
poker,poker
rencard,hot date
vanter,boast
immédiat,immediate
expédition,expedition
haver,haver
vase,vase
exemplaire,copy
karma,karma
élégant,elegant
payé,paid
traité,treaty
brûlé,burnt
débat,debate
crochet,hook
thèse,thesis
remords,remorse
récolter,harvest
maths,Math
équilibre,balance
obstacle,obstacle
briquet,lighter
modeste,modest
innocence,innocence
infection,infection
désespoir,despair
déprimer,depress
proie,prey
rançon,ransom
évoluer,evolve
constater,note
terrasse,terrace
disperser,disperse
grossir,swell
perle,pearl
rex,rex
ménager,spare
allure,pace
égarer,mislead
refroidir,cool down
attrape,catch
roux,red
balcon,balcony
chimique,chemical
effectuer,carry out
porteur,carrier
insulte,insult
sensé,sensible
tracer,draw
tourmenter,torment
brûlant,burning
jet,jet
coupure,cut
sir,sir
horloge,clock
caché,hidden
fiche,plug
pharmacie,pharmacy
coiffure,hairdressing
coutume,custom
resto,resto
complot,plot
habillé,dressed
référence,reference
égoïste,selfish
errer,wander
gangster,gangster
dépression,depression
lesquels,which
pirate,pirate
situer,situate
barque,barque
député,deputy
officiellement,officially
pou,louse
privilège,privilege
souhait,wish
critiquer,criticize
cafard,cockroach
revivre,relive
invention,invention
parrain,sponsor
soie,silk
tracasser,bother
radar,radar
costaud,beefy
révolutionnaire,revolutionary
diffuser,broadcast
encaisser,cash
photographier,photograph
renforcer,strengthen
ciné,cine
graver,engrave
plafond,ceiling
pêcheur,fisherman
gênant,embarrassing
cultiver,grow
philosophie,philosophy
vaste,wide
couché,recumbent
migraine,migraine
quantité,quantity
compromettre,compromise
infiniment,infinitely
flot,flood
cocktail,cocktail
jeton,token
manifester,show
fidélité,loyalty
selle,saddle
épais,thick
rigolo,funny
frein,brake
précaution,precaution
quête,quest
circuit,circuit
uni,united
ci,it
hache,ax
hypocrite,hypocrite
inhabituel,unusual
média,Media
ver,worm
assistance,assistance
caporal,Corporal
cristal,crystal
marron,brown
tombeau,tomb
vaurien,scoundrel
coude,elbow
tambour,drum
britannique,British
litre,liter
environnement,environment
certitude,certainty
israélien,Israeli
compassion,compassion
séparation,separation
protester,protest
diviser,divide
flûte,flute
fréquence,frequency
base-ball,baseball
morgue,morgue
décharger,unload
patienter,wait
nièce,niece
pelle,shovel
revue,review
brisé,broken
coton,cotton
stable,stable
fusée,rocket
quelconque,any
débuter,start
serrure,lock
spécialité,specialty
inquiétude,concern
académie,academy
comique,comic
désigner,designate
amiral,admiral
caillou,pebble
paye,pay
tout-puissant,almighty
artistique,artistic
pathétique,pathetic
poignet,wrist
architecte,architect
carrément,outright
bac,ferry
explorer,explore
ruse,ruse
infecter,infect
auquel,which
eux-mêmes,themselves
récompenser,reward
financer,finance
k,k
baptiser,baptize
municipal,municipal
progresser,progress
insinuer,insinuate
hall,hall
mélange,mixture
capter,capture
parasite,parasite
poignard,dagger
récit,story
élu,elected
amical,friendly
automatique,automatic
maillot,shirt
mèche,wick
pécher,sin
détecter,detect
informatique,information Technology
nichon,tit
agressif,aggressive
bourreau,executioner
euro,euro
récolte,harvest
brutal,brutal
gueuler,yell
pécheur,sinner
soupirer,sigh
orbite,orbit
stratégie,strategy
baver,drool
armoire,wardrobe
têtu,stubborn
affiche,poster
aviser,notice
liquider,liquidate
remise,hand off
génétique,genetic
heurter,hit
soulier,shoe
achat,purchase
entrepôt,warehouse
funérailles,funeral
mars,March
señor,Señor
projeter,project
fondation,foundation
casquette,cap
culot,base
formulaire,form
mou,soft
ordonnance,order
rasoir,razor
col,collar
refiler,palm off
orteil,toe
bétail,livestock
tendu,tense
évasion,escape
sinistre,sinister
comble,packed
perruque,wig
repenser,rethink
endurer,endure
quarante,forty
savant,scientist
clandestin,clandestine
industriel,industrial
afin que,so that
miennes,mine
indispensable,indispensable
manager,manager
mule,mule
contaminer,contaminate
dimension,dimension
fusillade,shooting
générateur,generator
transmission,transmission
fourmi,ant
édition,edition
immobilier,real estate
avertissement,warning
chargé,loaded
spécialement,specially
venue,arrival
mitrailleur,Gunner
argument,argument
confidentiel,confidential
massage,massage
respiration,breathing
sieste,siesta
boche,Boche
sonnette,pile driver
impact,impact
ronde,round
regagner,regain
sentimental,sentimental
honteux,shameful
galaxie,galaxy
pleur,crying
enlèvement,removal
ambassade,embassy
interpréter,interpret
louche,ladle
paille,straw
émettre,emit
sévère,severe
émouvoir,move
exploiter,exploit
maladroit,awkward
réussite,success
soi-disant,supposedly
stopper,stop
scotch,Scotch tape
polir,polish
motel,motel
triomphe,triumph
négliger,neglect
protégé,protected
homosexuel,homosexual
archive,archive
institution,institution
jambon,Ham
longueur,length
redonner,give back
blaguer,joke
couillon,turd
raisin,grapes
convoi,convoy
grenier,attic
psychopathe,psychopath
blâmer,blame
comédien,actor
loyauté,loyalty
surfer,surf
accro,addict
amende,fine
combler,satisfy
bouffon,jester
rabbin,rabbi
fasciner,fascinate
hémorragie,hemorrhage
bouquet,bouquet
convertir,convert
créateur,creator
farce,farce
navette,shuttle
définitivement,finally
oreiller,pillow
typique,typical
boxe,boxing
crevette,shrimp
dinde,Turkey
déçu,disappointed
rail,rail
décharge,discharge
mallette,briefcase
ouah,wow
présumer,assume
expulser,expel
adolescent,teenager
surmonter,get over
tousser,cough
escroc,con man
préciser,specify
remporter,win
fatigue,run down
vocation,vocation
avérer,be
charbon,coal
téléphonique,telephone
authentique,bona fide
choisi,selected
ralenti,slow motion
gémir,moan
égard,respect
fantasme,fantasy
gym,Gym
aspirine,aspirin
manoeuvre,maneuver
compétition,competition
garantie,warranty
psychiatrique,psychiatric
oie,Goose
ail,garlic
coter,dimension
apprêter,ready
barrière,barrier
séduisant,attractive
permanent,permanent
abeille,bee
planque,stash
lis,lily
dramatique,dramatic
mat,matt
us,us
grenouille,frog
valable,valid
bingo,bingo
destinée,destiny
graisse,fat
diabolique,diabolical
atterrissage,landing
prédire,predict
affamé,starving
égorger,slay
masculin,male
vertige,dizziness
épidémie,epidemic
frangin,bro
horizon,horizon
postal,postal
réconcilier,reconcile
refus,refusal
seau,bucket
isolé,isolated
forger,forge
inverse,reverse
rougir,blush
caserne,barrack
pince,pliers
écouler,sell
injection,injection
matelas,mattress
supplémentaire,additional
visible,visible
constituer,form
mi,mi
bénéfice,profit
hypothèse,hypothesis
navré,heartbroken
rafraîchir,refresh
réplique,reply
passionnant,exciting
monstrueux,monstrous
redresser,straighten
régulier,regular
contrôleur,controller
naïf,naive
tronche,face
flou,fuzzy
van,van
hanche,hip
manifestation,event
météo,Weather
lancement,launching
coudre,sew
plancher,floor
connecter,log on
haricot,bean
lover,coil
ras,ras
clan,clan
requête,request
excité,excited
appui,support
ressource,resource
détecteur,detector
trousse,kit
contrairement,Unlike
miséricorde,mercy
novembre,November
cliché,shot
merdeux,shit
obsession,obsession
carré,square
dévoiler,reveal
pourboire,tip
verrouiller,lock
deal,deal
faciliter,facilitate
colonie,colony
grandeur,greatness
gronder,scold
impuissant,powerless
initiative,initiative
tripe,tripe
secondaire,secondary
ardent,ardent
indigne,unworthy
structure,structure
outre,besides
anormal,abnormal
creux,hollow
faculté,faculty
ciseau,chisel
physiquement,physically
raisonner,reason
ingrat,ungrateful
naviguer,navigate
prescrire,prescribe
yankee,Yankee
boxeur,boxer
détresse,distress
égyptien,Egyptian
beignet,donut
entraîneur,coach
fourgon,van
gitan,Gypsy
souverain,sovereign
cortex,cortex
représentation,representation
imprimer,print out
intéressé,interested
miette,crumb
autographe,autograph
dissimuler,hide
dédier,dedicate
expédier,send
ballet,ballet
banal,banal
comptoir,counter
foutaise,crap
primitif,primitive
veau,veal
concept,concept
hou,boo
inférieur,lower
verdict,verdict
bousculer,hustle
artillerie,artillery
vice-président,Vice President
frisson,thrill
lard,bacon
débattre,debate
registre,register
addition,addition
portail,portal
encercler,circle
redire,repeat
odieux,odious
perdant,loser
accéder,access
coco,Coconut
monté,mounted
extraire,extract
contempler,contemplate
pousse,shoot
ultime,ultimate
décorer,decorate
décembre,December
fouet,whip
éclaircir,clear
coke,coke
concentration,concentration
recueillir,collect
réservoir,reservoir
solaire,solar
servant,serving
guetter,watch
chantage,blackmail
lessive,laundry
raciste,racist
éditeur,editor
gus,gus
politicien,politician
apaiser,appease
bouc,goat
mérite,merit
ruban,tape
terrifier,terrify
rédiger,write
cote,odds
littérature,literature
nonne,Nun
différemment,differently
paresseux,lazy
sperme,sperm
suédois,Swedish
maternel,maternal
brosse,brush
crêpe,pancake
libération,release
spectateur,spectator
tank,tank
cuit,cooked
paie,payroll
coiffer,style
assassinat,murder
rupture,break
dicter,dictate
attentivement,closely
décéder,die
décor,decor
défaite,defeat
refuge,refuge
bonnet,cap
bijou,jewel
afficher,pin up
photographie,photography
socialiste,socialist
touché,affected
bazar,bazaar
borne,terminal
minus,minus
réparation,repair
hôtesse,hostess
janvier,January
mile,mile
pressentiment,presentiment
quelques-uns,some
traînée,trail
républicain,republican
terrifiant,creepy
économique,economic
sauvetage,rescue
blanche,White
commode,convenient
meuf,girl
acquérir,acquire
gerber,gerber
coordonnée,coordinated
risqué,risky
dépêche,telegram
influencer,influence
autel,altar
abandonné,abandoned
licence,Bachelor's degree
championnat,championship
tactique,tactics
portier,porter
tremblement,tremor
cash,cash
grippe,flu
cookie,cookie
mémé,granny
escorter,escort
réviser,review
électronique,electronic
cycle,cycle
balance,balance
calmant,calming
jésus,Jesus
constamment,constantly
embrouiller,confuse
rhume,cold
restant,remaining
allergique,allergic
décoration,decoration
planifier,plan
confronter,confront
crabe,crab
répondeur,answering machine
hystérique,hysterical
fonctionnaire,official
inclure,include
invoquer,invoke
bataillon,battalion
pacte,pact
donné,given
irlandais,Irish
bulle,bubble
colle,glue
ignoble,ignoble
pyjama,pajamas
pénis,penis
griffe,claw
naze,sucks
évolution,evolution
carreau,tile
hisser,hoist
pois,polka dot
torche,torch
gène,gene
escargot,snail
funèbre,funeral
observation,observation
psychologique,psychological
sieur,Mr.
éduquer,educate
bicyclette,bicycle
cambriolage,burglary
copier,copy
défilé,parade
collectif,collective
coupé,disconnected
résidence,residence
surprenant,surprising
pétasse,bitch
centrale,power plant
février,February
tailleur,tailor
finance,finance
martial,martial
oubli,oblivion
trompette,trumpet
vapeur,steam
apparition,appearance
éternellement,eternally
définitif,final
déshonorer,dishonor
exploit,feat
haleine,breath
embrouille,confused
maudire,curse
légiste,jurist
tumeur,tumor
intégrer,integrate
malle,trunk
vicieux,vicious
croyance,belief
farine,flour
quant,about
advenir,happen
diminuer,decrease
banlieue,suburbs
remplaçant,substitute
rive,bank
abriter,house
purifier,purify
barman,bartender
braiment,braying
fosse,pit
identique,identical
distributeur,distributor
hallucination,hallucination
mâchoire,jaw
présentation,presentation
connasse,motherfucker
fracture,fracture
rouble,ruble
immortel,immortal
fureur,fury
laser,laser
philosophe,philosopher
neiger,snow
terrien,earthling
alcoolique,alcoholic
carnaval,carnival
timbre,stamp
baby-sitter,baby-sitter
canaille,blackguard
min,min
soupir,sigh
planer,plane
billard,billiards
paralyser,paralyze
prêcher,preach
terroriser,terrorize
merdique,crappy
aligner,align
voyant,seer
blues,blues
concurrent,competitor
jusque-là,hitherto
inspection,inspection
nuque,neck
protecteur,protective
corne,horn
généralement,generally
hold-up,raid
surnom,nickname
tyran,tyrant
tripoter,tamper
inoffensif,harmless
çà,here
souterrain,underground
péril,peril
crack,crack
vulnérable,vulnerable
africain,African
effraction,burglary
tordu,twisted
fendre,split
braquage,steering
clore,close
moulin,mill
trajet,path
mac,Mac
transpirer,sweat
cerner,identify
coffrer,busted
baguette,stick
buisson,bush
fontaine,fountain
enrichir,enrich
media,media
balade,ride
infâme,infamous
seize,sixteen
siens,his
drogué,drugged
crapule,scoundrel
combattant,fighter
câlin,coaxing
sentence,sentence
bip,beep
sympathie,sympathy
tango,tango
piller,loot
triompher,triumph
excès,excess
vêtir,dress
baise,fuck
quasiment,almost
peiner,pain
brosser,brush
ampoule,light bulb
néanmoins,however
festival,festival
minuscule,tiny
collant,tights
attaché,attached
baie,bay
montant,amount
bouillir,boil
aggraver,aggravate
gratitude,gratitude
barbare,barbaric
barreau,bar
démonstration,demonstration
fouetter,whip
humiliation,humiliation
saler,salt
séquence,sequence
démission,resignation
sermon,sermon
antique,antique
arbitre,referee
capote,hood
enchaîner,concatenate
gouverner,govern
impatience,impatience
niquer,fuck
round,round
établissement,establishment
caleçon,underpants
gravité,severity
poire,pear
cargaison,cargo
carotte,carrot
coté,side
quarantaine,quarantine
fardeau,burden
tentation,temptation
cerf,deer
gentillesse,kindness
préfet,prefect
revoilà,'re back
hourra,hurray
veinard,lucky
paisible,peaceful
subtil,subtle
châtiment,punishment
collaborer,collaborate
ridiculiser,ridicule
duel,duel
consommer,consume
inspecter,inspect
dodo,dodo
engendrer,generate
fourrure,fur
attribuer,award
régaler,feast
clouer,nail
forteresse,fortress
pellicule,film
consister,consist
colis,package
maquereau,mackerel
nettoyage,cleaning
poussin,chick
ruisseau,creek
temporaire,temporary
résumer,summarize
épave,wreck
débutant,beginner
x,x
girl,girl
réaliste,realistic
dope,dope
réflexion,reflection
provision,provision
arrêté,arrested
offense,offense
entamer,start
lasser,weary
recruter,recruit
embarrassant,embarrassing
attraction,attraction
compétent,competent
inévitable,inevitable
renaître,reborn
hétéro,straight
rayer,strike
aboyer,bark
chapelle,chapel
glorieux,glorious
parcours,route
touchant,touching
voire,indeed
freiner,curb
confiture,jam
bec,beak
inculper,charge
glaçon,iceberg
percevoir,levy
mépris,contempt
visa,visa
étiquette,label
figue,Fig
inspiration,inspiration
investissement,investment
jazz,jazz
parapluie,umbrella
élite,elite
boudu,Boudu
coach,trainer
morphine,morphine
satisfaction,satisfaction
incliner,tilt
mesdemoiselles,Misses
crépuscule,twilight
biologique,biological
lumineux,luminous
stresser,stress
assemblée,meeting
doré,golden
grange,barn
kit,kit
perspective,perspective
révélation,revelation
ignorant,ignorant
calibre,caliber
primaire,primary
marbre,marble
cuillère,spoon
règne,reign
vermine,vermin
mousse,foam
tourment,torment
énigme,enigma
cacahuète,peanut
pan,bang
relevé,statement
agrandir,enlarge
dessein,design
jardinier,gardener
divers,various
pacha,pasha
murmurer,murmur
suer,sweat
cygne,swan
escorte,escort
sous-estimer,underestimate
enflammer,ignite
trafiquer,tamper
bosse,bump
harper,harp
loterie,lottery
bouchon,plug
chialer,blubber
reconstruire,rebuild
locataire,tenant
mécanique,mechanical
décollage,take-off
glacer,freeze
moyenne,average
papi,papi
écureuil,squirrel
dû,due
climat,climate
ranch,ranch
définir,define
dorénavant,now
honnêteté,honesty
rancune,grudge
insolent,insolent
if,if
pétard,firecracker
break,break
pâté,blot
inscription,registration
pape,pope
chauve-souris,bat
tapette,pansy
badge,badge
blouson,jacket
chargement,loading
continent,continent
invasion,invasion
peloton,pack
dérober,steal
programmer,program
esclavage,slavery
identification,identification
infirmerie,infirmary
centime,centime
démontrer,show
artificiel,artificial
bizarrement,oddly
là-dessous,under there
sculpture,sculpture
dépense,expenditure
scolaire,school
melon,melon
éponge,sponge
improviser,improvise
étang,pond
chercheur,researcher
développement,development
maniaque,maniac
galant,gallant
déployer,deploy
minet,kitty
déduire,deduct
enthousiasme,enthusiasm
grossesse,pregnancy
relais,relay
toc,fake
formalité,formality
morveux,snotty
septième,seventh
stérile,sterile
ardeur,ardor
flirter,flirt
dirigeant,leader
cru,raw
matelot,sailor
berceau,cradle
trouvé,found
allumé,alight
applaudissement,clapping
pauvreté,poverty
sûreté,safety
déchet,waste
muter,mutate
chatouiller,tickle
module,module
roulant,rolling
tiers,third
stand,stall
brebis,sheep
puant,stinking
pyramide,pyramid
spaghetti,spaghetti
trophée,trophy
fondateur,founder
bannir,banish
agresseur,aggressor
minou,kitty
égout,sewer
contredire,contradict
choeur,choir
treize,thirteen
vendu,sold
charrette,cart
cahier,notebook
fantaisie,fantasy
sottise,stupidity
soudainement,suddenly
croyant,believer
détention,detention
égalité,equality
intimider,intimidate
mijoter,simmer
ressort,spring
impeccable,impeccable
malaise,malaise
terrestre,terrestrial
tranche,slice
contenu,contents
artifice,artifice
baseball,Baseball
impasse,impasse
pique,pike
yacht,yacht
andouille,dummy
faillite,bankruptcy
sabre,saber
visiblement,visibly
autrichien,Austrian
conduit,pipe
sauveur,savior
buffet,buffet
froc,frock
peseta,peseta
marais,marsh
aigle,eagle
amigo,amigo
emplacement,location
sapin,fir
gentilhomme,gentleman
satané,accursed
rimer,rhyme
thanksgiving,Thanksgiving
vis,screw
claque,slap
raclée,beating
taupe,taupe
écurie,stable
technicien,technician
omelette,omelette
batte,bat
infiltrer,infiltrate
vigne,vine
vouer,devote
ducon,asshole
fiable,reliable
soi-même,self
durée,duration
renier,deny
tournoi,tournament
réconforter,comfort
shooter,shoot
augmentation,increase
exterminer,exterminate
mendiant,beggar
organisme,body
précision,precision
rude,rough
saouler,drunk
traditionnel,traditional
colombe,dove
combine,combines
vitrine,showcase
injecter,inject
démonter,disassemble
cocu,deceived husband
carburant,fuel
détour,detour
centimètre,centimeter
encre,ink
hollandais,Dutch
peigne,comb
périmètre,perimeter
saumon,salmon
harmonie,harmony
claire,clear
condamnation,conviction
exaucer,fulfill
librement,free
mouchard,informer
oublié,forget it
papy,grandpa
multiple,multiple
sur-le-champ,on the spot
cambrioler,burgle
effrayé,frightened
épicerie,grocery store
diagnostic,diagnosis
entreprendre,undertake
gifler,slap
impérial,imperial
piétiner,trample on
pureté,purity
rouvrir,reopen
donneur,donor
replier,fold up
solde,balance
doucher,douche
démocrate,democrat
ex-femme,ex-wife
installation,installation
loto,lotto
revendre,sell
virage,turn
rouiller,rust
réfugier,refuge
appât,bait
black,black
calmement,calmly
plongée,diving
squelette,skeleton
émeute,riot
constitution,constitution
opérateur,operator
compartiment,compartment
foin,hay
chips,chips
hospitalité,hospitality
prostitution,prostitution
occupation,occupation
avancé,advanced
visuel,visual
martyr,martyr
irriter,irritate
négociation,negotiation
quatorze,fourteen
bossu,hunchback
avant-hier,before yesterday
sanglant,bloody
inonder,flood
mutant,mutant
traumatisme,trauma
trêve,truce
enfreindre,violate
crash,crash
routier,truck
contourner,get around
embarrasser,embarrass
enchère,bid
infernal,infernal
jument,mare
légion,legion
psychologue,psychologist
surpasser,outdo
contraindre,force
absorber,absorb
affaiblir,weaken
attentif,attentive
hyper,hyper
peignoir,peignoir
renard,fox
sonnerie,ringing
bavard,talkative
montage,mounting
révolte,revolt
biberon,baby bottle
déception,disappointment
exposé,exposed
lueur,glow
scrupule,scruple
écho,echo
fibre,fiber
frire,fry
intercepter,intercept
provisoire,provisional
ronfler,snore
celles-ci,thereof
fusiller,shoot
manie,mania
affamer,starve
kid,kid
néant,nil
pédale,pedal
toubib,doctor
râler,bitch
redoutable,formidable
réglo,legit
cavalerie,cavalry
delta,delta
indépendance,independence
injustice,injustice
réflexe,reflex
satisfait,satisfied
évènement,event
ambitieux,ambitious
caverne,cave
corruption,corruption
menton,chin
redouter,fear
acheteur,buyer
sous-vêtement,underwear
autrui,others
millionnaire,millionaire
tacher,stain
jean,jeans
vaccin,vaccine
ignorance,ignorance
infliger,inflict
consumer,consume
via,via
boxer,boxer
pansement,band Aid
crotte,dung
proclamer,proclaim
souiller,defile
admirable,admirable
aveugler,blind
nausée,nausea
fugitif,fugitive
gibier,game
e-mail,e-mail
ring,ring
sécuriser,reassure
volume,volume
brûlure,burn
souffrant,suffering
céleste,heavenly
emprisonner,jail
fiction,fiction
imaginaire,imaginary
penny,penny
recours,resort
rôti,roast
script,script
conséquent,Therefore
rizière,paddy field
grade,grade
gérant,manager
astronaute,astronaut
bombardement,bombing
habile,clever
pa,pa
palestinien,Palestinian
gravement,seriously
cirer,wax
illuminer,illuminate
suisse,Swiss
alerter,alert
commencement,beginning
célébrité,celebrity
espérance,hope
techniquement,technically
démasquer,unmask
béton,concrete
laine,wool
violeur,rapist
propager,propagate
altitude,altitude
reflet,reflection
alentour,surrounding
banquier,banker
punk,punk
arrogant,arrogant
emplir,fill
office,office
arnaquer,rip off
exquis,exquisite
gratuitement,free of charge
orgasme,orgasm
sordide,sordid
svp,Please
déchaîner,unchain
bulletin,newsletter
western,western
butin,swag
légèrement,slightly
magner,magner
étaler,display
agacer,annoy
coincé,stranded
radical,radical
féroce,fierce
maïs,corn
atomique,atomic
corvée,drudgery
ficelle,string
maltraiter,maltreat
réfugié,refugee
serbe,Serbian
lecteur,reader
relire,read back
bluffer,bluff
inciter,encourage
animer,animate
marée,tide
morsure,bite
sonde,probe
questionner,question
étincelle,spark
évacuation,evacuation
restaurer,restore
inverser,reverse
irresponsable,irresponsible
racaille,riffraff
rhum,rum
catégorie,category
arnaque,scam
mythe,myth
tarif,rate
équiper,equip
cardinal,cardinal
compromis,compromise
guise,As
pitoyable,pathetic
tueuse,Killer
saboter,sabotage
tutoyer,tutoyer
caca,pooh
cape,mantle
civilisé,civilized
hymne,anthem
ruelle,alley
alimenter,feed
gâchis,mess
rendu,made
statistique,statistical
remarier,remarry
reprise,recovery
requérir,require
animé,animated
tranchée,trench
violet,purple
croyable,believable
géomètre,geometer
dévaliser,rob
étalon,standard
sicilien,Sicilian
calendrier,calendar
qualifier,qualify
