the (f),la
the (m),le
girl,la fille
boy,le garçon
a (m),un
a (f),une
woman,la femme
I am,je suis
man,l&#39;homme (m)
He is,Il est
apple,la pomme
red,rouge
rich,riche
You are (i),Tu es
child,l&#39;enfant (m)
I eat,je mange
you eat (i),tu manges
she eats,elle mange
orange,orange
calm,calme
cat (m),le chat
black,noir
dress,la robe
she has,elle a
and,et
the (plural),les
we are,nous sommes
men,les hommes
I like,j&#39;aime
he likes,il aime
I write,j&#39;écris
you write (i),tu écris
book,le livre
letter,la lettre
you are,vous êtes
you eat,vous mangez
you have,vous avez
we have,nous avons
we eat,nous mangeons
we like,nous aimons
she reads,elle lit
we read,nous lisons
newspaper,le journal
menu,le menu
they are (m),ils sont
they write (f),elles écrivent
they read (m),ils lisent
they eat (f),elles mangent
thank you,merci
yes,oui
no,non
goodnight,bonne nuit
"I am fine, thanks. (i)","Ça va bien, merci."
Hi!,Salut!
hello,bonjour
sorry (excuse),pardon
goodbye,au revoir
please,s&#39;il vous plaît
please (i),s&#39;il te plaît
there is/are,Il y a
"okay, all right",d&#39;accord
see you later,à plus tard
see you soon,à bientôt
see you tomorrow,à demain
How are you? (i),Comment ça va?
you&#39;re welcome (literally &quot;it&#39;s nothing&quot;),de rien
I am sorry,Je suis désolé
Thank you very much,Merci beaucoup
good evening,bonsoir
pasta,les pâtes
"sauce, dressing",la sauce
candy,le bonbon
onion,l&#39;oignon (m)
carrot,la carotte
grapes,le raisin
jam,la confiture
oil (cooking or lubricant),l&#39;huile (f)
bean,le haricot
meat,la viande
tomato,la tomate
sandwich,le sandwich
baguette,la baguette
soup,la soupe
You drink (i),tu bois
water,l&#39;eau (f)
alcohol,l&#39;alcool (m)
egg,l&#39;oeuf (m)
salad,la salade
they drink (m),ils boivent
rice,le riz
bread,le pain
wine,le vin
milk,le lait
beer,la bière
kitchen,la cuisine
drink,buvez
coffee,le café
tea,le thé
crepe,la crêpe
meal,le repas
butter,le beurre
to drink,boire
to eat,manger
banana,La banane
cheese,le fromage
fish,le poisson
with,avec
salt,le sel
sugar,le sucre
pepper,le poivre
chicken,le poulet
pork,le porc
cake,le gâteau
lemon,Le citron
chocolate,le chocolat
beef,le boeuf
strawberry,la fraise
juice,le jus
fly (insect),"""la mouche<div><img src=""""paste-1163936137428.jpg"""" /></div>"""
spider,"""l'araignée (f)<div><img src=""""paste-1662152343754.jpg"""" /></div>"""
dolphin,le dauphin
shark,le requin
"monkey, ape",le singe
tiger,le tigre
bee,l&#39;abeille (f)
snake,le serpent
butterfly,le papillon
whale,la baleine
zoo,le zoo
wolf,le loup
horse,le cheval
dog,le chien
animal,l&#39;animal
bird,l&#39;oiseau (m)
duck,le canard
female cat,la chatte
elephant,l&#39;éléphant (m)
bear,l&#39;ours (m)
tortoise/turtle,la tortue
lion,le lion
female dog,la chienne
cow,la vache
pig,le cochon
insect,l&#39;insecte (m)
ant,la fourmi
mouse,la souris
"hen, chicken",la poule
rabbit,le lapin
"alone, lonely, only",seul
strong,fort
clean,propre
cold,froid
hot,chaud
good,bon
small,petit
young,jeune
easy,facile
"light (adj, weight)",léger
dirty,sale
new,nouveau
new (f),nouvelle
tall,grand
fat,gros
bad,mauvais
heavy,lourd
liquid,liquide
perfect,parfait
pretty,joli
round,rond
blond,blond
some (de + les),des
dogs,les chiens
cats,les chats
the big dogs,les grands chiens
words,les mots
apples,les pommes
the small apples,les petites pommes
the big dogs (f),les grandes chiennes
the small elephants,les petits éléphants
letters,les lettres
the good names,les bons noms
the only ducks,les seuls canards
the lonely ducks,les canards seuls
the big fish (plural),les gros poissons
books,les livres
the pink glasses,les verres roses
recipes,les recettes
lemons,les citrons
sandwiches,les sandwichs
fruits,les fruits
strawberries,les fraises
baguettes,les baguettes
crêpes,les crêpes
vegetables,les légumes
"chips, fries",les frites
beans,les haricots
It is,C&#39;est
you are (i),tu es
I have,j&#39;ai
you have (i),tu as
he has,il a
these are,ce sont
they have (m),ils ont
w an adjective describing a person,il est
He is strong.,Il est fort.
w an adjective describing a situation,c&#39;est
That&#39;s normal!,C&#39;est normal !
w an unmodified adverb,il est
It&#39;s late.,Il est tard.
They are here.,Ils sont ici.
w a modified adverb,c&#39;est
It&#39;s too late.,C&#39;est trop tard.
It&#39;s very far from here.,C&#39;est très loin d&#39;ici.
w an unmodified noun,il est
He&#39;s (a) lawyer. (il est),Il est avocat.
She&#39;s (an) actress. (elle est),Elle est actrice.
w a modified noun,c&#39;est
He&#39;s a lawyer. (c&#39;est),C&#39;est un avocat.
She&#39;s a good actress. (c&#39;est),C&#39;est une bonne actrice.
w a prepositional phrase (people),il est
He&#39;s at the bank.,Il est à la banque.
She&#39;s in France.,Elle est en France.
w a proper name,c&#39;est
That&#39;s Luc.,C&#39;est Luc.
w a stressed pronoun,c&#39;est
That&#39;s me.,C&#39;est moi.
"wallet, portfolio",le portefeuille
"suit, costume",le costume
glove,le gant
jeans,le jean
jacket,la veste
bag,le sac
pocket,la poche
item of clothing,le vêtement
trousers,le pantalon
hat,le chapeau
shirt,la chemise
skirt,la jupe
coat,le manteau
boot,la botte
sock,la chaussette
umbrella,le parapluie
scarf,l&#39;écharpe (f)
cap,la casquette
tie,la cravate
my (m),mon
"your (i,m)",ton
his/her/its (m),son
my (f),ma
"your (i,f)",ta
his/her/its(f),sa
our (s),notre
"your (s, formal)",votre
their (s),leur
my (p),mes
"your (i,p)",tes
his/her/its (p),ses
our (p),nos
"your (p, formal)",vos
their (p),leurs
white,blanc
color,la couleur
blue,bleu
green,vert
yellow,jaune
pink,rose
grey,gris
brown,marron
violet,violet
to buy,acheter
to bring (something),apporter
to learn,apprendre
to respect,respecter
to hide,cacher
to call (name),appeler
to help,aider
to act,agir
to adore,adorer
to know (a fact),savoir
to want,vouloir
to look for,chercher
to know (a person),connaître
to begin,commencer
"to need to, must",falloir
I make/do,je fais
you make/do (i),tu fais
he makes; he does,il fait
you make/do,vous faites
we make; we do,nous faisons
they make; they do,ils font
I see,je vois
you see (i),tu vois
you see,vous voyez
he sees,il voit
we see,nous voyons
they see,ils voient
to read,lire
to write,écrire
to speak,parler
to like,aimer
to understand,comprendre
to be able to,pouvoir
to have to,devoir
to know,savoir
to do,faire
to go,aller
to wait,attendre
"to order, to command, to commission",commander
this/that,ça
this/that (m),ce
"this/that (m, before vowel)",cet
this/that (f),cette
these/those,ces
this,ceci
that,celà
or,ou
when (not quand),lorsque
otherwise,sinon
"since, as",puisque
"so, therefore",donc
"if, so",si
but,mais
because,car
as soon as,dès que
"still, nevertheless, regardless",quand même
while,pendant que
"due to the fact that, because",du fait que
what...,que...
where,où
when,quand
what,quoi
why?,pourquoi
how,comment
which one (f),laquelle
which (f),quelle
how much / how many,combien
which ones (m),lesquels
which ones (f),lesquelles
which (m),quel
who,qui
which one (m),lequel
to deserve,mériter
to wash,laver
to run,courir
to die,mourir
to cook,cuisiner
to become,devenir
to propose,proposer
to rain,pleuvoir
"to finish, end",finir
to enter,entrer
to close,fermer
to cut,couper
to put,mettre
"to terminate, finish",terminer
to place,poser
to hold,tenir
to carry,porter
to concern,concerner
to motivate,motiver
to photograph,photographier
to interest,intéresser
to throw,lancer
to own,posséder
to win,gagner
to contain,contenir
to live,vivre
to offer,offrir
to snow,neiger
to add,ajouter
to find,trouver
to seize,saisir
to improve,améliorer
to show,montrer
to sleep,dormir
I sleep,je dors
you sleep (i),tu dors
he sleeps,il dort
we sleep,nous dormons
you sleep,vous dormez
they sleep,ils dorment
I die,je meurs
you die (i),tu meurs
he dies,il meurt
we die,nous mourons
you die,vous mourez
they die,ils meurent
crazy,fou
crazy (f),folle
"broad, wide, loose",large
"last, top, latest (f)",dernière
"last, top, latest",dernier
pure,pur
"frank, straight, candid",franc
different,différent
dry,sec
mean,méchant
"smooth, gentle, mild, soft",doux
"smooth, gentle, mild, soft (f)",douce
long,long
sensitive,sensible
brilliant,génial
"naked, bare, unadorned",nu
ready,prêt
"nice, friendly, pleasant (starts with S, 5 letters)",sympa
Chinese,chinois
Japanese,japonais
enormous,énorme
African,africain
European,européen
"useless, hopeless, rubbish",nul
"stupid, silly",bête
natural,naturel
hard,dur
"serious, grave, solemn",grave
weak,faible
"light, bright, clear",clair
numerous,nombreux
French,français
dead,mort
"simple, straightforward, plain",simple
average (adj),moyen
"nice, kind, good, gentle (starts with G)",gentil
"true, real, genuine",vrai
serious,sérieux
European (f),européenne
"nice, kind, good, gentle (starts with G)  (f)",gentille
low,bas
ugly,laid
"against, in exchange for",contre
according to,d&#39;après
between,entre
"approximately, about",environ
despite,malgré
among,parmi
for,pour
without,sans
"at the home/office of, among",chez
"about, on the subject of",au sujet de
"next to, beside",à côté de
"to, at, in",à
concerning,concernant
"from, of, about",de
"during, while",durant
"in, on, to",en
outside of,en dehors de
"facing, across from",en face de
toward (figurative),envers
far from,loin de
"by, through",par
"as for, regarding",quant à
"except, but",sauf
"depending on, according to",selon
à+le,au
à+les,aux
that goes without saying,cela va de soi
"toward, near (literal)",vers
beside ourselves,hors de nous
in order to,afin de
"until, up to",jusqu&#39;à
even more (of),même plus de
"as much, as many",autant de
because of,à cause de
number,le nombre
one,un
two,deux
three,trois
four,quatre
five,cinq
six,six
seven,sept
eight,huit
nine,neuf
ten,dix
eleven,onze
twelve,douze
thirteen,treize
fourteen,quatorze
fifteen,quinze
sixteen,seize
seventeen,dix-sept
eighteen,dix-huit
nineteen,dix-neuf
twenty,vingt
"zero, 0",zéro
father,le père
mother,la mère
family,la famille
son,le fils
first name,le prénom
sister,la soeur
brother,le frère
"mum, mom",la maman
dad,le papa
husband,le mari
couple,le couple
baby,le bébé
uncle,l&#39;oncle
aunt,la tante
grandmother,la grand-mère
grandfather,le grand-père
cousin (m),le cousin
cousin (f),la cousine
nephew,le neveu
niece,la nièce
grandson,le petit-fils
grand-daughter,la petite-fille
mine (m),le mien
mine (f),la mienne
yours (m) (i),le tien
yours (f) (i),la tienne
"his, hers, its (m)",le sien
"his, hers, its (f)",la sienne
ours (m),le nôtre
ours (f),la nôtre
yours (m),le vôtre
yours (f),la vôtre
theirs (m),le leur
theirs (f),la leur
this/that one (m),celui
this/that one (f),celle
these/those/the ones (m),ceux
these/those/the ones (f),celles
I live,je vis
you live (i),tu vis
he lives,il vit
we live,nous vivons
you live,vous vivez
"To rescue, save, salvage",sauver
they live,ils vivent
to help someone to (inf),aider quelqu&#39;un à (inf)
to learn to,apprendre à
to teach someone,apprendre à quelqu&#39;un
"to manage, succeed in",arriver à
to expect something,s&#39;attendre à quelque chose
to start to,commencer à
to believe in,croire à
"to fall from, out of, off",tomber de
to be interested in something,s&#39;intéresser à quelque chose
to invite someone to,inviter quelqu&#39;un à
to take pleasure in ...ing,se plaire à
to buy from,acheter à
"to say, tell to",dire à
to play (a sport),jouer à
to be missed by someone,manquer à quelqu&#39;un
to talk to someone,parler à quelqu&#39;un
"To look like, to have physical similarities to",ressembler à
to respond to,répondre à
to phone somebody,téléphoner à quelqu&#39;un
to choose to,choisir de
to tell someone to do something,dire à quelqu&#39;un de faire quelque chose
to try to,essayer de
to finish doing something,finir de faire quelque chose
it&#39;s time for bed,il est temps de dormir
"to lack, neglect, fail to",manquer de
"notion, concept",la notion
i am going to show you,je vais vous montrer
to go out to eat,sortir dîner
I go out,je sors
you go out (i),tu sors
you go out,vous sortez
we go out,nous sortons
they go out,ils sortent
he goes out,il sort
to try out something,s&#39;essayer à quelque chose
naked (f),nue
get sick,tomber malade
more than,plus de
to ask to do something,demander à faire quelque chose
what to do?,Que faire?
the dark,le noir
the only one,le seul
to play (an instrument),jouer de
to think about (opinion),penser de
to ask someone to do something,demander à quelqu&#39;un de faire quelque chose
to please,plaire
I please,je plais
you please (i),tu plais
you please,vous plaisez
we please,nous plaisons
they please,ils plaisent
he pleases,il plaît
we eat to live,nous mangeons pour vivre
good to know,bon à savoir
it is beautiful to love,C&#39;est beau d&#39;aimer
to take along,emmener
to empty,vider
to grill,griller
to boil,bouillir
month,le mois
half-hour,la demi-heure
January,janvier
February,février
March,mars
April,avril
May,mai
June,juin
July,juillet
September,septembre
October,octobre
August,août
November,novembre
December,décembre
period,la période
"debut, start, beginning",le début
from monday to friday,de lundi à vendredi
summer (m),l&#39;été
on Mondays,le lundi
in an hour&#39;s time,dans une heure
until Monday,à lundi
"it is monday, we are on monday",nous sommes lundi
"every week, from Monday to Friday",du lundi au vendredi
youth,la jeunesse
watch (timepiece),la montre
birthday (m),l&#39;anniversaire
midnight,le minuit
a tough time,Une période difficile
from the beginning,depuis le début
"appointment, date, meeting",le rendez-vous
winter (m),l&#39;hiver
"fall, autumn (m)",l&#39;automne
season,la saison
date,la date
"again, still",encore
"celebration, party, feast",la fête
"epoch, era (f)",l&#39;époque
Happy New Year,Bonne année
this lasts for hours,Ça dure durant des heures
you follow (i),tu suis
you follow,vous suivez
he follows,il suit
we follow,nous suivons
they follow,ils suivent
week,la semaine
calendar,le calendrier
see you in october,Rendez-vous en octobre
tuesday night,mardi soir
date of birth,la date de naissance
We are in early December.,Nous sommes début décembre.
We are in February.,Nous sommes en février.
Monday,lundi
"In the beginning, it is difficult.",Au début c&#39;est difficile.
Tuesday,mardi
Wednesday,mercredi
Thursday,jeudi
Friday,vendredi
Saturday,samedi
Sunday,dimanche
to come,venir
"to be as good as, to be worth",valoir
to shave,se raser
"to roll, to drive",rouler
"to run away, to fly away, to escape",s&#39;enfuir
to suppose,supposer
to fall,tomber
"to serve, to be useful",servir
to go out,sortir
"to smell, to feel, to be conscious of",sentir
to mean,signifier
to reserve,réserver
to come back (return),revenir
to dream,rêver
to go back (return),retourner
to seem,sembler
to stay,rester
"to put down, put back, ask again",reposer
to give (something) back i.e. return it,rendre
to answer,répondre
to come or go home (return),rentrer
to refuse,refuser
to notice,remarquer
"to plan, program",programmer
to take for a walk,promener
"to present, introduce",présenter
to receive,recevoir
to prefer,préférer
to plant,planter
to think,penser
to be missed by,manquer à
to raise,relever
to weigh,peser
to pass,passer
to lie,mentir
to live in,habiter
to exist,exister
to explain,expliquer
to import,importer
to try,essayer
to play,jouer
to leave (not partir),laisser
to depend,dépendre
to work,travailler
to use,utiliser
to listen,écouter
to lead,diriger
to go down,descendre
to last,durer
to doubt,douter
to exchange,échanger
to cost,coûter
to fight,combattre
to continue,continuer
to ask,demander
to consist,consister
"to demonstrate, prove",démontrer
to correspond,correspondre
to affirm,affirmer
to sunbathe,bronzer
"to connect, plug in",brancher
to turn on,allumer
to belong,appartenir
to arrive,arriver
"to charge, load",charger
"to stand for, represent",représenter
to bring back (return something to a store),rapporter
"to reimburse, return $",rembourser
"to send back, to return (a thing)",renvoyer
I prefer,je préfère
you prefer (i),tu préfères
he prefers,il préfère
we prefer,nous préférons
you prefer,vous préférez
they prefer,ils préfèrent
to try to sleep,essayer de dormir
I come,je viens
you come (i),tu viens
he comes,il vient
we come,nous venons
you come,vous venez
they come,ils viennent
it happens,ça arrive
to think about,penser à
"to turn, spin",tourner
to get up,se lever
I raise,je lève
it&#39;s hot,il fait chaud
you raise (i),tu lèves
he raises,il lève
we raise,nous levons
you raise,vous levez
they raise,ils lèvent
to go for a walk,promener
I receive,je reçois
you receive (i),tu reçois
we receive,nous recevons
he receives,il reçoit
you receive,vous recevez
they receive,ils reçoivent
light,la lumière
I am worth,je vaux
you are worth (i),tu vaux
he is worth,il vaut
we are worth,nous valons
you are worth,vous valez
they are worth,ils valent
to shave oneself,se raser
I weigh,je pèse
you weigh (i),tu pèses
he weighs,il pèse
you weigh,vous pesez
we weigh,nous pesons
they weigh,ils pèsent
to fit into,rentrer dans
to rest,reposer
he belongs,il appartient
I belong,j&#39;appartiens
we belong,nous appartenons
you belong,vous appartenez
they belong,ils appartiennent
you belong (i),tu appartiens
to dream about,rêver de
What does that mean?,Qu&#39;est-ce que ça signifie ?
That means what?,Ça signifie quoi ?
"I miss her a lot, and I want to get her back","Elle me manque beaucoup, et je veux la retrouver"
How much does it cost (worth)?,Combien vaut-il ?
He is running away,Il s&#39;enfuit
How is your retirement going?,Comment se passe ta retraite ?
"official, civil servant",le fonctionnaire
journalist,le journaliste
"advisor, counsellor",le conseiller
staff,le personnel
teacher (not maître),l&#39;enseignant
"chief, chef",le chef
technician,le technicien
salesman,le vendeur
lawyer,l&#39;avocat
career,la carrière
engineer,l&#39;ingénieur
secretary,la secrétaire
agent,l&#39;agent
colonel,le colonel
retirement,la retraite
professor,le professeur
doctor,le médecin
"position, post, job",le poste
captain,le capitaine
soldier,le soldat
prince,le prince
judge,le juge
employment,l&#39;emploi (m)
education (f),l&#39;éducation
the police,la police
"trade, occupation, job",le métier
author,l&#39;auteur
"work, job",le travail
king,le roi
queen,la reine
the works,les travaux
princess,la princesse
a teacher&#39;s post,un poste d&#39;enseignant
to retire,prendre la retraite
unemployed (without job),Sans emploi
why bother?,pourquoi faire ?
cook (m),le cuisinier
"driver, chauffeur",le chauffeur
hairdresser,le coiffeur
policeman,le policier
baker (f),la boulangère
farmer (m),l&#39;agriculteur
farmer (f),l&#39;agricultrice
"though, yet",pourtant
on top,dessus
sometimes (not qqf),parfois
around,autour de
"better, best (bien)",mieux
"above all, especially (begins with an S, not spécialement)",surtout
"so much, so many",tant
"thus, so, as well as",ainsi
"at last, finally",enfin
"minus, less",moins
never,jamais
only (adv),seulement
to swim,nager
badly,mal
"however, meanwhile",cependant
"instead, rather",plutôt
"truly, really",vraiment
"as much, so much",autant
"simply, just",simplement
so,tellement
false,faux
"equally, as well",également
me neither,moi non plus
"beyond, further",au-delà
"notably, especially, in particular",notamment
particularly,particulièrement
here is,voici
"during/at the moment/time of, when (starts with &quot;L&quot;)",lors de
more (not plus),davantage
key,la clé
at least,au moins
from now on,désormais
"quickly, rapidly, briefly",rapidement
"obviously, of course, evidently",évidemment
exactly,exactement
of course not,évidemment non
"down, downstairs",en bas
enough!,il suffit
"the day after, the next day",le lendemain
to have breakfast,prendre petit-déjeuner
above,ci-dessus
to walk from...,marcher depuis
as...as,aussi...que
beauty,la beauté
"to seem, appear, be published, come out",paraître
I seem,je parais
you seem (i),tu parais
he seems,Il paraît
you seem,vous paraissez
we seem,nous paraissons
they seem,ils paraissent
I&#39;m leaving,je m&#39;en vais
"But as the years pass, the fewer there are.","Mais plus les années passent, moins ils sont nombreux."
"later, subsequently, at a later date",postérieurement
"later than, after",postérieurement à
about a year ago,Il y a environ un an
in about a month,dans un mois environ
much sooner,bien plus tôt
I don&#39;t want any more.,Je ne veux plus
nothing,rien
I want some,j&#39;en veux
"Neither, nor",ni
"nobody, person",personne
not at all,pas du tout
nobody is perfect,personne n&#39;est parfait
What do you have to say about it?,Qu&#39;en dites-vous?
There is no doubt,Il n&#39;y a pas de doute
there aren&#39;t any more of...,il n&#39;y a plus de
Days are longer and longer,Les jours sont de plus en plus longs
You don&#39;t offer anything.,Vous n&#39;offrez rien.
That will not work.,Ça ne marche pas.
This hat does not work for me.,Ce chapeau ne me va pas.
no longer,ne...plus
not,ne...pas
"perfectly, absolutely",parfaitement
"however, nevertheless (starts with t)",toutefois
"underneath, under",en dessous
naturally,naturellement
"directly, straight",directement
completely,complètement
normal,normal
"justly, precisely, correctly",justement
"finally, after all",finalement
"currently, at present, at the moment",actuellement
"otherwise, differently, in a different way",autrement
"entirely, completely",entièrement
certainly,certainement
absolutely,absolument
a must-read!,à lire absolument
relatively,relativement
"thoughtlessly, lightly, slightly",légèrement
inside (not à l&#39;intérieur),dedans
immediately,immédiatement
"precisely, exactly",précisément
"surely, most probably, certainly",sûrement
"essentially, principally, mainly",essentiellement
slowly,lentement
probably,probablement
"definitely, clearly, considerably, markedly",nettement
extremely,extrêmement
"rarely, seldom",rarement
easily,facilement
"luckily, fortunately",heureusement
"easily, widely, largely",largement
clearly,clairement
useful,utile
"totally, completely",totalement
"only, exclusively",uniquement
strongly,fortement
"sufficiently, enough",suffisamment
"really, actually",réellement
"definitively, for good, once and for all",définitivement
"in fact, actually, indeed, really",effectivement
"apparently, seemingly",apparemment
in fact,en fait
"principally, mainly, mostly",principalement
"normally, usually",normalement
frequently,fréquemment
recently,récemment
unfortunately,malheureusement
most,le plus
coldest,le plus froid
together,ensemble
"just, fair, right, tight",juste
"even, same",même
"maybe, perhaps, probably",peut-être
"then, so",alors
"more or less, just about, almost",à peu près
quite,tout
before,avant
"above all, primarily",avant tout
"while, whereas, even though",alors que
"exactly, entirely, completely, quite, fully",tout à fait
almost (familiar),quasiment
"frankly, openly, straight out, plainly",franchement
"standing, up, Stand Up!",debout
"nevertheless, though, nonetheless, yet",néanmoins
"gratuitously, for free",gratuitement
They pass in front of us.,ils passent devant nous
"brief, in short, briefly",bref
"on the side, odd",à part
"generally, usually",généralement
a little of; few,un peu de
to speak out loud,parler tout haut
Does it really exist?,Ça réellement existe?
apart from that,à part ça
chair,la chaise
bed,le lit
to go to bed (not coucher),aller au lit
cup,la tasse
"cradle, crib",le berceau
I serve,je sers
you serve (i),tu sers
you serve,vous servez
we serve,nous servons
he serves,il sert
they serve,ils servent
to be used for,servir à
to serve as,servir de
to talk on the phone,parler au téléphone
whose,à qui
sponge,l&#39;éponge (f)
sofa,le canapé
to be made of,être en
to look out the window,regarder par la fenêtre
flashlight,la lampe de poche
to look at oneself in the mirror,se regarder dans le miroir
oven,le four
swimming pool,la piscine
"cabinet, piece of furniture",le meuble
furniture (plural),les meubles
right there,juste là
There is even an oven for the bread.,Il y a même un four à pain
"glass, drink",le verre
I walk towards the door,je marche vers la porte
refrigerator,le réfrigérateur
bowl,le bol
toy,le jouet
pillow,l&#39;oreiller (m)
balcony,le balcon
tool,l&#39;outil (m)
clock,l&#39;horloge (f)
curtain,le rideau
outlet,la prise
to clean (housework),nettoyer
shampoo,le shampoing
to serve,servir
to turn down the heat,couper le chauffage
He opens the door.,Il ouvre la porte.
object,l&#39;objet (m)
box,la boîte
machine,la machine
"piece, coin, room",la pièce
weapon,l&#39;arme (f)
wire,le fil
"useless, good for nothing",servir à rien
mine,à moi
thing,le truc
technicians (f),les techniciennes
radio,la radio
"device, camera",l&#39;appareil (m)
seat,le siège
chain; tv channel,la chaîne
page,la page
cross,la croix
"checkout (counter), case, crate, drum",la caisse
"packet, package, pack",le paquet
"document, paper",le document
"band, group",la bande
"equipment, kit, gear",l&#39;équipement (m)
"frame, executive",le cadre
"photo, picture, photograph",la photo
a band of boys,une bande de garçons
hard (disk) drive,le disque dur
mechanism,le mécanisme
camera,l&#39;appareil photo (m)
"folder, file, dossier",Le dossier
"laundry, linen",le linge
wheel,la roue
"to display, to show off",afficher
"disc, record",le disque
pot (small container),le pot
"bar, rod, ridge, witness box",la barre
column,la colonne
"plaque, licence plate",la plaque
return ticket,le billet de retour
"ticket, bill, banknote",le billet
dollar,le dollar
"present, gift",le cadeau
"suitcase, bag",la valise
flag,le drapeau
powdered sugar (quebec),le sucre en poudre
treasure,le trésor
screen,l&#39;écran (m)
powdered milk,le poudre de lait
"adaptor, adapter",l&#39;adaptateur (m)
computer,l&#39;ordinateur (m)
album,l&#39;album (m)
dictionary,le dictionnaire
magazine,le magazine
keyboard,le clavier
charger,le chargeur
"tray, stage, set, plateau",le plateau
robot,le robot
euro,l&#39;euro (m)
poster,l&#39;affiche (f)
envelope,l&#39;enveloppe (f)
(bed) sheet,le drap
"leaf, sheet of paper",la feuille
brush,la brosse
He is on the radio.,Il est à la radio.
glasses,les lunettes (f)
to put out,éteindre
candle,la bougie
match (fire),l&#39;allumette (f)
real,réel
"historical, historic",historique
logical,logique
"ancient, old",ancien
electric,électrique
"best, better (bon)",meilleur
the same (not même),pareil
way more,Bien plus
"steady, fixed",fixe
deep,profond
land line,le téléphone fixe
flat,plat
worse,pire
precise,précis
ordinary,ordinaire
"complex, complicated",complexe
between two choices (idiom),entre deux eaux
"little by little, bit by bit",petit à petit
logic,la logique
"useless, pointless",inutile
free (as in freedom or availability),libre
popular,populaire
deserted,désert
private,privé
"central, main",central
personal,personnel
"solid, sturdy, strong",solide
"complete, full",complet
"principal, main, leading",principal
homeroom teacher,le professeur principal
"humane, human",humain
equal,égal
"practical, convenient",pratique
famous,célèbre
"culture, crop",la culture
"slim, thin, fine, clever/perceptive",fin
"living, alive",vivant
in love,amoureux
"closed, shut",fermé
peace,la paix
wild,sauvage
ideal,idéal
precious,précieux
"secret, secretive",secret
powerful,puissant
"relating to, related to",relative à
"efficient, effective",efficace
for hot weather,par temps chaud
relative,relatif
"as they say, like we say",comme on dit
"such, as (starts with T)",tel
dangerous,dangereux
local,local
"veritable, real, true, genuine",véritable
"intimate, private",intime
"upstairs, on top",en haut
diary,le journal intime
older,plus âgé
special,spécial
married,marié
make play,faire jouer
independent,indépendant
"wise, sensible",sage
fantastic,fantastique
imaginary,imaginaire
"fat, greasy",gras
magnificent,magnifique
"quiet, peaceful, calm, tranquil",tranquille
terrible,terrible
raw,cru
boring,ennuyeux
single,célibataire
"prudent, careful, cautious, wise",prudent
"noisy, loud",bruyant
"old (not aged, f)",vieille
boring (f),ennuyeuse
old (not aged),vieux
I want the usual meal.,Je veux le repas normal.
"Yes, I do not care.","Oui, ça m&#39;est égal."
Always the same!,Toujours pareil !
special (p),spéciaux
We are eating raw fish.,Nous mangeons du poisson cru.
some,quelque
fifth,cinquième
It is currently closed for repairs.,C&#39;est actuellement fermé pour travaux.
whole,entier
earth,la terre
city,la ville
"place, space, room, spot",la place
Places (starts with &quot;L&quot;),les lieux
I miss my country,mon pays me manque
workplace,le lieu de travail
village,le village
"passage, traffic, crossing, path",le passage
tower,la tour
In the middle,Au milieu
course,le cours
"way, path",le chemin
"yard, backyard",la cour
"middle, habitat, environment",le milieu
on board,à bord
to overlook,Donner sur
"region, district, area",la région
"company, firm (f)",l&#39;entreprise
palace,le palais
"coast, hill",la côte
uphill,en côte
island,l&#39;île
"harbor, port",le port
fishing harbor,le port de pêche
quite important,assez important
"field, land",le terrain
bridge,le pont
"residence, abode",la demeure
"area, zone, slum",la zone
hole,le trou
cell,la cellule
address (f),l&#39;adresse
bar,le bar
cellar,la cave
"boutique, shop, store",la boutique
"trail, track",la piste
department,le département
court (of law),le tribunal
America (f),l&#39;Amérique
in the restroom,aux toilettes
Europe (f),l&#39;Europe
he works and lives in Paris,il travaille et vit à Paris
The US is a great country.,Les États-Unis sont un grand pays.
Internet site,le site
"disco, night club",la discothèque
Brazil,le Brésil
The girls walk along the water&#39;s edge.,Les filles marchent au bord de l&#39;eau.
How do they run on that street?,Comment courent-ils dans cette rue ?
supermarket,le supermarché
That horse runs on the street.,Ce cheval court dans la rue.
"in different places, at different moments","dans différents lieux, à différents moments"
"building, real estate",l&#39;immeuble (m)
I see the tower from my place.,Je vois la tour de chez moi.
He is on the toilet.,Il est aux toilettes.
China,la Chine
The boy is in front of his building.,Le garçon est devant son immeuble.
corridor,le couloir
countryside,la campagne
Asia,l&#39;Asie (f)
to visit,visiter
garage,le garage
on,sur
under,sous
since,depuis
behind,derrière
after,après
a little bit of,un petit peu de
(some) new clothing,De nouveaux vêtements
birds,les oiseaux
gas,le gaz
"newspapers, the news",les journaux
games,les jeux
"game, play",le jeu
hair (singular),le cheveu
"pieces, parts",les morceaux
"word games, puns",les jeux de mots
gods (m),les dieux
on my knees,à genoux
"I am alone in the kitchen, a cat on my knees.","Je suis seul dans la cuisine, un chat sur mes genoux."
I was (imp),J&#39;étais
"You were (i, imp.)",Tu étais
You were (imp.),Vous étiez
I had (imp),j&#39;avais
they had (imp),ils avaient
they wanted (imp),ils voulaient
we were going (imp),nous allions
they were going (imp),ils allaient
he was coming (imp),il venait
they were coming (imp),ils venaient
you said (imp),vous disiez
we said (imp.),nous disions
I was making; I was doing (imp),je faisais
he was making; he was doing (imp),il faisait
you were making; you were doing (imp),vous faisiez
he was believing (imp),il croyait
he was finding (imp),il trouvait
we were finding (imp),nous trouvions
he was smelling (imp),il sentait
you were smelling (imp),vous sentiez
I was seeing (imp),je voyais
he saw (imp),il voyait
I was speaking (imp),je parlais
he was speaking (imp),il parlait
he knew (imp),il savait
"you were thinking (i, imp)",tu pensais
you were thinking (imp),vous pensiez
he was looking (imp),il regardait
"you knew (a person, i, imp)",tu connaissais
we watched (imp),nous regardions
people (starts with g),les gens
crowd,la foule
association (f),l&#39;association
enemy (m),l&#39;ennemi
citizen,le citoyen
"inhabitant, resident, dweller (m)",l&#39;habitant
generation,la génération
adult (m),l&#39;adulte
witness,le témoin
He is the witness at our wedding.,Il est le témoin à notre mariage.
"acquaintance, knowledge, consciousness",la connaissance
"adolescent, teenager (m)",l&#39;adolescent
prisoner,le prisonnier
rights (m),les droits
colleague,le collègue
I am within my right.,Je suis dans mon droit.
guest,l&#39;invité
"client, customer",le client
girlfriend,la petite amie
boyfriend,le petit ami
The old people eat their soup.,Les vieux mangent leur soupe.
everyone,tout le monde
German,allemand
some people,du monde
Russian,russe
five in number,au nombre de cinq
How much is five minus two?,Combien font cinq moins deux?
one of his three cars,l&#39;une de ses trois voitures
Six and four make ten.,Six et quatre font dix.
Five-thirty,Cinq heures trente
one million dollars,un million de dollars
200,deux cents
"sum, amount",la somme
ton,la tonne
kilometer,le kilomètre
meter,le mètre
weight,le poids
length (measurement),la longueur
"character (in fiction, theater), personage",le personnage
Its length is about one meter thirty.,Sa longueur est d&#39;environ un mètre trente.
I can run about two kilometers.,Je peux courir environ deux kilomètres.
She weighs about 55 kilos.,Elle pèse environ 55 kilos.
A meeting lasts about one hour.,Un rendez-vous dure environ une heure.
The distance is about two kilometers.,La distance est d&#39;environ deux kilomètres.
His weight is about 55 kilos.,Son poids est d&#39;environ 55 kilos.
The duration of an appointment is about one hour.,La durée d&#39;un rendez-vous est d&#39;environ une heure.
The island is about five kilometers long and two wide.,L&#39;île fait environ cinq kilomètres de long et deux de large.
How many tons of chocolate do the French eat per year?,Combien de tonnes de chocolat les Français mangent-ils par an ?
for fifteen minutes,pendant quinze minutes
quarter,le quart
rate,le taux
"number (telephone, etc)",le numéro
third (fraction),le tiers
"digit, numeral",le chiffre
He sleeps two-thirds of the time.,Il dort les deux tiers du temps.
It is a quarter past eight.,Il est huit heures et quart.
billion,le milliard
pair,la paire
calculation,le calcul
hundreds of,centaines de
It is eighteen past six.,Il est six heures et dix-huit minutes.
It is the eleventh of March.,Nous sommes le onze mars.
I prefer my calculations which are so simple.,Je préfère mes calculs qui sont si simples.
We are billions on Earth.,Nous sommes des milliards sur la terre.
"to include, comprise, contain",comporter
in the 90s,dans les années quatre-vingt-dix
to equal,égaler
double,le double
about ten,la dizaine
dozen,la douzaine
I just bought a hundred kilos of potatoes.,Je viens d&#39;acheter cent kilos de pommes de terre.
Four is the double of two.,Quatre est le double de deux.
around ten ducks,une dizaine de canards
century,le siècle
liter,le litre
half (not demi),la moitié
kilogram,le kilogramme
centimeter,le centimètre
half of it,la moitié de ça
My bedroom is on the fourth floor.,Ma chambre est au quatrième étage.
We watched tons of coffee.,Nous regardions des tonnes de café.
thirty,trente
It is zero outside.,Il fait zéro dehors.
forty,quarante
One plus one equals two.,Un plus un égale deux.
fifty,cinquante
sixty,soixante
seventy,soixante-dix
eighty,quatre-vingts
ninety,quatre-vingt-dix
hundred,cent
one thousand,mille
seventy-one,soixante-et-onze
eighty-one,quatre-vingt-un
about a hundred,la centaine
"interior, inside (m, not dedans)",l&#39;intérieur
"position, place",la position
the front side,le côté avant
"entry, entrance, first course (f)",l&#39;entrée
step,le pas
exit,la sortie
"exterior, outside, outdoors, abroad (m)",l&#39;extérieur
"sign, board, placard",le panneau
"arrival, finish (f)",l&#39;arrivée
arrival board,le panneau d&#39;arrivée
to take (make) a step,faire un pas
It is a short distance from downtown.,Il est à courte distance du centre-ville.
the wrong direction,la mauvaise direction
He leaves through the exit.,Il s&#39;en va par la sortie.
He looks in the direction of the young man.,Il regarde en direction du jeune homme.
But maybe I am going in the wrong direction.,Mais peut-être vais-je dans la mauvaise direction.
west,l&#39;ouest
orientation (f),l&#39;orientation
south,le sud
north,le nord
departure,le départ
viewpoint indicator,la table d&#39;orientation
east,l&#39;est
end,la fin
opposite,inverse
"plan, map",le plan
"at the departure, at first, initially",au départ
"bottom (of something), fund",le fond
campaign,la campagne
love (m),l&#39;amour
to be afraid of,avoir peur de
to laugh (not rigoler),rire
thought,la pensée
pleasure,le plaisir
state,l&#39;état
love letter,la lettre d&#39;amour
The pleasure is ours.,Le plaisir est pour nous.
fear,la peur
not even,même pas
"sentiment, feeling",le sentiment
happiness,le bonheur
hope (m),l&#39;espoir
"moral, morality",la morale
desire,le désir
taste,le goût
"joy, happiness",la joie
surprise,la surprise
anger,la colère
sad,triste
"pain, grief",la douleur
"shame, disgrace",la honte
passion,la passion
imagination (f),l&#39;imagination
What a shame.,Quelle honte.
I am ashamed.,J&#39;ai honte.
The Grapes of Wrath,Les raisins de la colère
He is angry.,Il est en colère.
The pain is mild.,La douleur est légère.
Maybe it was really my imagination.,Peut-être était-ce vraiment mon imagination.
happy,heureux
happy (f),heureuse
horror (f),l&#39;horreur
"tiredness, fatigue",la fatigue
friendship (f),l&#39;amitié
courage,le courage
"sweetness, softness",la douceur
I hate vegetables.,J&#39;ai horreur des légumes.
That is awful! What a horror!,Quelle horreur!
"to detest, have a hatred of",avoir horreur de
"folly, madness",la folie
"emotion, feeling (f)",l&#39;émotion
"humor, mood, temper (f)",l&#39;humeur
to suffer,souffrir
"content, happy, glad",content
"to cry, to weep, to mourn",pleurer
patience,la patience
What a feeling!,Quelle émotion!
I am very glad to see you.,Je suis très content de vous voir.
honor (m),l&#39;honneur
memory (skill of recall),la mémoire
memory (of a specific event or fact),le souvenir
"impression, feeling (f)",l&#39;impression
"odor, smell (f)",l&#39;odeur
individual (m),l&#39;individu
"desire, envy (f)",l&#39;envie
again (not encore),de nouveau
tired,fatigué
"confidence, trust",la confiance
dream,le rêve
humor (m),l&#39;humour
sleep,le sommeil
"worried, anxious",inquiet
to hate,haïr
embarrassed,gêné
She is a reliable person.,C&#39;est une personne de confiance.
He is dreamy. (lit: He makes me dream),Il me fait rêver.
one of my best television moments,un de mes meilleurs moments de télévision
I would like a banana.,J&#39;ai envie d&#39;une banane.
"An almost perfect night, and without dreams.","Une nuit presque parfaite, et sans rêves."
to be thirsty,avoir soif
She has great respect for her teacher.,Elle a un grand respect pour son professeur.
"mine (m, pl)",les miens
"yours (m, i, pl)",les tiens
"his, hers, its (m, pl)",les siens
"mine (f, pl)",les miennes
"yours (f, i, pl)",les tiennes
"his, hers, its (f, pl)",les siennes
ours (pl),les nôtres
yours (pl),les vôtres
theirs (pl),les leurs
this one (m),celui-ci
that one (m),celui-là
this one (f),celle-ci
that one (f),celle-là
these ones (m),ceux-ci
those ones (masculin),ceux-là
these ones (f),celles-ci
those ones (f),celles-là
The garden goes around the house.,Le jardin fait le tour de la maison.
He is at work at the moment.,Il est au travail en ce moment.
"certain, some",certains
"not any, no, none",aucun
Who is the girl in the pink dress?,Qui est la fille à la robe rose?
We do not have any dog.,Nous n&#39;avons aucun chien.
It is in the east of Paris.,C&#39;est à l&#39;est de Paris.
I leave my meat for the dog.,Je laisse ma viande au chien.
They go to my father&#39;s house.,Ils vont à la maison de mon père.
"to be thought of as, to pass for, to impersonate",passer pour
"forget it, to drop a subject",laisser tomber
to make a woman happy,rendre une femme heureuse
You are going to go? (i),Tu vas y aller?
I&#39;m going to try to pass by to see you.,Je vais essayer de passer vous voir
Do you want to tell me where it is because I can&#39;t find it.,Voulez-vous me dire où c&#39;est parce que je ne peux pas le trouver.
a woman who likes to spend time with them,une femme qui aime passer du temps avec eux
"to prepare, pack",préparer
She is going to be thought of as the worst of mothers,Elle va passer pour la pire des mères.
I can&#39;t take it anymore.,Je ne peux plus tenir.
To see is to believe.,Voir c&#39;est croire.
How not to fall in love?,Comment ne pas tomber amoureux?
"to shoot, to pull",tirer
"to be reunited with, to meet up with again",retrouver
to be continued,à suivre
Who wants to follow us?,Qui veut nous suivre?
to obtain,obtenir
let me explain,laissez moi expliquer
How can you blame them?,Comment leur en vouloir?
He can do this.,Il peut y arriver.
You&#39;re not going to arrive there.,Vous n&#39;allez pas arriver là-bas.
to recognize,reconnaître
to go up,monter
to go upstairs,monter à l&#39;étage
to stop,arrêter
They are easier to recognize.,Ils sont plus faciles à reconnaître.
I know how to ride a horse.,Je sais comment monter à cheval.
"to quit, to leave",quitter
to change,changer
"to permit, to allow",permettre
"to reach, to acheive",atteindre
It is always very difficult having to pass that period of the year alone.,C&#39;est toujours très difficile de devoir passer cette période de l&#39;année seul.
"to take again, to collect, resume, continue",reprendre
to keep,garder
"to throw, throw away, discard",jeter
to kill,tuer
"to discover, find, find out",découvrir
"to create, set up, design",créer
to touch,toucher
"to realize, fulfill",réaliser
"comment, commentary",le commentaire
simple to use,simple à utiliser
An absolute must!,À découvrir absolument !
He can choose to keep or get rid of cards.,Il peut choisir de garder ou jeter des cartes.
I can&#39;t lift it because it is too heavy.,Je ne peux pas le lever parce que c&#39;est trop lourd.
He makes her turn very fast in front of him.,Il la fait tourner très vite devant lui.
But nobody is there to receive them.,Mais personne n&#39;est là pour les recevoir.
We must discover how to get to her.,Nous devons découvrir comment arriver jusqu&#39;à elle.
My desire is not to kill anymore.,Mon désir est de ne plus tuer.
They know how to count.,Ils savent compter.
You can come in.,Vous pouvez rentrer.
I&#39;m going to introduce you to her husband.,Je vais vous présenter son mari.
My son cannot count yet.,Mon fils ne peut pas encore compter.
"to occupy, keep busy, live in",occuper
"to beat, fight, defeat",battre
"to define, specify, characterize",définir
noise,le bruit
"to hope, expect",espérer
I want to leave (let) this hard work to her.,Je veux lui laisser ce travail difficile.
Enough to listen but not to understand.,Assez pour écouter mais pas pour comprendre.
to drive crazy,aller se rendre fou
Take it or leave it.,C&#39;est à prendre ou à laisser.
He is going to appear in the evening.,Il va apparaître le soir.
"It is possible, on condition that one tries.","C&#39;est possible, à condition d&#39;essayer."
New weapons are going to appear.,De nouvelles armes vont apparaître.
To feel the most simple things,Sentir les choses les plus simples
"Buy better, throw less away","Acheter mieux, jeter moins."
To create makes responsible.,Créer rend responsable.
to use the &#39;vous&#39; form,vouvoyer
I do not want to address my friends formally.,Je ne veux pas vouvoyer mes amis.
to use &quot;tu&quot; with,tutoyer
He cannot be on familiar terms with his teacher.,Il ne peut pas tutoyer son professeur.
"direct, immediate",direct
"future, intended",futur
"agreeable, pleasant, nice (starts with A)",agréable
unknown,inconnu
recent,récent
universal,universel
another,un autre
"brilliant, shiny",brillant
cultural,culturel
"magic, magical",magique
free (cost),gratuit
"of age, major",majeur
final,final
new(ly made),neuf
new(ly made) (f),neuve
international (p),internationaux
"worldwide, global",mondial
front door,la porte d&#39;entrée
to turn back/around,faire demi-tour
I do not want other yellow shoes.,Je ne veux pas d&#39;autres chaussures jaunes.
She makes me happy.,Elle me rend heureux.
text,le texte
professional,professionnel
negative,négatif
negative (f),négative
"random, risky",aléatoire
"current, topical",actuel
"super, great",super
"the outside, exterior side",le côté extérieur
positive,positif
professional level,le plan professionnel
national,national
technical,technique
"present (time, adj)",présent
"particular, peculiar, special",particulier
general,général
to look/seem/sound professional,faire professionnel
in the middle of winter,en plein hiver
physical,physique
"superior, top, upper",supérieur
modern,moderne
necessary,nécessaire
"cool, fresh",frais
immense,immense
top floor,l&#39;étage supérieur
public,public
public (f),publique
extreme,extrême
delicious,délicieux
classic,classique
public square,la place publique
open file,le dossier ouvert
able to (inf),capable de inf
He adores all that is extreme.,Il adore tout ce qui est extrême.
Banks are not open on Saturday.,Les banques ne sont pas ouvertes le samedi.
"exact, correct, accurate",exact
"original, eccentric, oddball",original
"rare, scarce, infrequent",rare
"narrow, tight, close",étroit
curious,curieux
fragile,fragile
"total, complete, full",total
"slim, thin",mince
foreign,étranger
following,suivant
"occupied, busy",occupé
"nice, likeable, pleasant (starts with S, 11 letters)",sympathique
interested,intéressé
lost,perdu
variable,la variable
"tendency, trend",la tendance
That instant (there) is magical.,Cet instant-là est magique.
He is ending his career the following year.,Il termine sa carrière l&#39;année suivante.
He was feeling lost.,Il se sentait perdu.
What is a negative virtue?,Ce qui est une vertu négative ?
She is taking a random direction.,Elle prend une direction aléatoire.
Why not acknowledge it?,Pourquoi ne pas le reconnaître ?
Did it look professional?,Ça faisait-il professionnel?
Here our work is above all technical.,Ici notre travail est avant tout technique.
"whose, of which",dont
My car is not as new as that of my friends.,Ma voiture n&#39;est pas aussi neuve que celle de mes amis.
It is one of the most important.,C&#39;est l&#39;un des plus importants.
It is the city that I told you about.,C&#39;est la ville dont je vous parlais.
that which is in my pocket,celui qui est dans ma poche
It is the same thing for all.,C&#39;est la même chose pour tous.
They are all red.,Ils sont tous rouges.
Where are all the others?,Où sont tous les autres?
It is my daughter&#39;s.,C&#39;est celui de ma fille.
I can read everything.,Je peux lire tout.
On a professional level he is one of the best.,Sur un plan professionnel il est l&#39;un des meilleurs.
One of the biggest animals is the elephant.,Un des animaux les plus gros est l&#39;éléphant.
Parents are those on whom one can rely day and night.,Les parents sont ceux sur qui on peut compter jour et nuit.
I do not have any.,Je n&#39;en ai aucun.
Those (f) (there) are small.,Celles-là sont petites.
Is there someone here who speaks English?,Est-ce qu&#39;il y a quelqu&#39;un ici qui parle anglais ?
Those who sleep on the floor do not fall from their beds.,Ceux qui dorment par terre ne tombent pas de leurs lits.
Each of her children has his own bedroom.,Chacun de ses enfants a sa propre chambre.
"It goes without saying, but it is better to say.","Ça va sans dire, mais ça va mieux en le disant."
That goes without saying.,Cela va de soi.
Each of us trusts you.,Chacun de nous te fait confiance.
When does it open?,Quand ouvre-t-il?
and young families know that,et les jeunes familles savent ça
Everyone to his own trade!,Chacun son métier !
These houses are my uncle&#39;s ones.,Ces maisons sont celles de mon oncle.
nobody likes that,personne n&#39;aime cela
Those are not your children anymore.,Ceux-là ne sont plus tes enfants !
"Take what you want, my daughters.","Prenez ce que vous voulez, mes filles."
Why this one?,Pourquoi celui-ci ?
These are the dresses I am thinking of.,Ce sont les robes auxquelles je pense.
It is what she is talking about.,C&#39;est ce dont elle parle.
This box is of another color than that one.,Cette boîte est d&#39;une autre couleur que celle-là.
the women to whom he is talking.,les femmes auxquelles il parle.
Who is that man to whom he is speaking?,Qui est cet homme auquel il parle ?
Can you explain to me what you mean?,Pouvez-vous m&#39;expliquer ce que vous voulez dire ?
He shows what he is capable of.,Il montre ce dont il est capable.
"He is happy, and this can be seen.","Il est heureux, et ça se voit."
How long does it last?,Combien de temps cela dure?
I like each of them.,J&#39;aime chacun d&#39;eux.
You are what you eat.,Vous êtes ce que vous mangez.
to which (one),auquel (à laquelle)
"anything,whatever",n&#39;importe quoi
someone,quelqu&#39;un
the same,le même
It is the same.,C&#39;est le même.
I want some of these books.,Je veux quelques uns de ces livres.
She talks nonsense.,Elle dit n&#39;importe quoi.
We ate fish at lunch.,Nous avons mangé du poisson au déjeuner.
I have loved a lot.,J&#39;ai beaucoup aimé.
"At least, that is what I have always believed.","Du moins, c&#39;est ce que j&#39;ai toujours cru."
"This morning, he read the newspaper.","Ce matin, il a lu le journal."
You drank a beer Thursday.,Vous avez bu une bière jeudi.
Nobody has believed me at first.,Personne ne m&#39;a cru au début.
I have not been at my house today.,Je n&#39;ai pas été à ma maison aujourd&#39;hui.
My parents loved them more than us,Mes parents les ont aimées plus que nous.
If she loved me,Si elle m&#39;a aimée.
"Did you (fam) eat rice? No, I am going to eat rice.","Est-ce que tu as mangé du riz ? Non, je vais manger du riz."
The ones that I have eaten?,Celles que j&#39;ai mangées ?
Have I eaten it?,Est-ce que je l&#39;ai mangée ?
She has been terrible.,Elle a été terrible.
"Yes, you have read well.","Oui, vous avez bien lu."
I loved them less than her.,Je les ai moins aimées qu&#39;elle.
The animals that we ate.,Les animaux que nous avons mangés.
He did not believe me.,Il ne m&#39;a pas cru.
My friends went to the beach.,Mes amis sont allés à la plage.
My sister and I came.,Ma soeur et moi sommes venus.
We have gone to the restaurant and have eaten pasta.,Nous sommes allés au restaurant et nous avons mangé des pâtes.
She was born.,Elle est née.
You called each other.,Vous vous êtes téléphonés.
She was born on September twentieth.,Elle est née le vingt septembre.
I have spent three hours here!,J&#39;ai passé trois heures ici !
They interested us.,Ils nous ont intéressés.
They have gone in America last month.,Ils sont allés en Amérique le mois dernier.
He came.,Il est venu.
The chicken is eaten.,Le poulet est mangé.
I was born in this house.,Je suis né dans cette maison.
I came to tell you that I go away.,Je suis venu te dire que je m&#39;en vais.
Where has that happened?,Où cela s&#39;est-il passé ?
When were they born?,Quand sont-ils nés ?
They went on holidays to France last year.,Ils sont allés en vacances en France l&#39;an dernier.
When were they (f) born?,Quand sont-elles nées ?
We have interested them.,Nous les avons intéressés.
My brother went to a castle yesterday,Mon frère est allé à un château hier.
She is interested.,Elle est intéressée.
She came alone.,Elle est venue seule.
"Today, I went to buy clothing.","Aujourd&#39;hui, je suis allée acheter des vêtements."
I am going there (some place).,J&#39;y vais.
I am leaving.,Je m&#39;en vais.
I did not remember it.,Je ne m&#39;en suis pas souvenue.
He has arrived at the same moment.,Il est arrivé au même moment.
You (fam) arrived there just in time.,Tu y es arrivé juste à temps.
I have become a woman.,Je suis devenue une femme.
Everything had been like that when I left.,Tout était comme cela quand je suis partie.
The two brothers died.,Les deux frères sont morts.
He has died.,Il est mort.
Five of them died.,Cinq d&#39;entre eux sont morts.
He left the restaurant without paying.,Il est parti du restaurant sans payer.
How long did you stay?,Combien de temps êtes-vous resté ?
You (fam) stayed out all night without calling.,Tu es restée dehors toute la nuit sans appeler.
You (fam) arrived with her.,Tu es arrivé avec elle.
They have gone yesterday.,Ils sont parties hier.
How did it happen?,Comment est-ce arrivé ?
I stayed.,Je suis resté.
"Since he became rich, he is bad.","Depuis qu&#39;il est devenu riche, il est mauvais."
My girlfriend recalled my birthday.,Ma petite amie s&#39;est souvenue de mon anniversaire.
He has stayed at my place for three weeks.,Il est resté chez moi durant trois semaines.
I went up.,Je suis monté.
He left a few minutes ago.,Il est parti il y a quelques minutes.
"Since he has become tall, he is strong.","Depuis qu&#39;il est devenu grand, il est fort."
Her two parents are dead.,Ses deux parents sont morts.
They (f) remembered their children.,Elles se sont souvenues de leurs enfants.
"On Sunday, I (have) left.","Dimanche, je suis partie."
The dog has gotten up into the car.,La chienne est montée dans la voiture.
We left.,Nous sommes parties.
I decided.,Je me suis décidé.
He has tried.,Il a essayé.
He has decided to try.,Il a décidé d&#39;essayer.
She has called the police.,Elle a appelé la police.
He put the book on the table.,Il a mis le livre sur la table.
I called you.,Je vous ai appelé.
We have let it go.,Nous l&#39;avons laissé faire.
She gave me a lot to eat.,Elle m&#39;a donné beaucoup à manger.
I did not leave the food at your house.,Je n&#39;ai pas laissé la nourriture à votre maison.
The bird has fallen.,L&#39;oiseau est tombé.
The dress that I gave her.,La robe que je lui ai donnée.
He has fallen in love with her.,Il est tombé amoureux d&#39;elle.
"That chair, I put it in the living room","Cette chaise, je l&#39;ai mise dans le salon."
I called her.,Je l&#39;ai appelée.
These are the glasses that I gave you.,Ce sont les lunettes que je vous ai données.
She gave some milk to a cat.,Elle a donné du lait à un chat.
They have put their pants on.,Ils ont mis leurs pantalons.
He did not believe it in the beginning.,Il n&#39;y a pas cru au début.
to disappear,disparaître
The meat he has cooked is in the oven.,La viande qu&#39;il a cuisinée est dans le four.
She has made him happy.,Elle l&#39;a rendu heureux.
I have walked in the direction of the park.,J&#39;ai marché en direction du parc.
My friends have not spoken with him since Tuesday.,Mes amies n&#39;ont pas parlé avec lui depuis mardi.
She wore a pair of red pants.,Elle a porté un pantalon rouge.
They wore their hats.,Ils ont porté leurs chapeaux.
He drove up to his house.,Il a conduit jusqu&#39;à sa maison.
My parents cooked for my friends.,Mes parents ont cuisiné pour mes amis.
"The sandwiches, we have returned them.","Les sandwichs, nous les avons rendus."
He does not have the fish. He has returned them to us.,Il n&#39;a pas les poissons. Il nous les a rendus.
It is the dress that she wore yesterday.,C&#39;est la robe qu&#39;elle a portée hier.
He disappeared without leaving a trace.,Il a disparu sans laisser de trace.
"He likes our hats, but he gave them back to us.","Il aime nos chapeaux, mais il nous les a rendus."
They have never cooked.,Ils n&#39;ont jamais cuisiné.
We spoke last night.,Nous avons parlé la nuit dernière.
She cooked me fish.,Elle m&#39;a cuisiné du poisson.
I do not have the hats. I returned them to you.,Je n&#39;ai pas les chapeaux. Je vous les ai rendus.
I have given her back her computer.,Je lui ai rendu son ordinateur.
The skirt she wore was beautiful.,La jupe qu&#39;elle a portée était belle.
I have not spoken with my friend since Thursday.,Je n&#39;ai pas parlé avec mon amie depuis jeudi.
She took the case into court.,Elle a porté le cas au tribunal.
We spoke with him last night.,Nous avons parlé avec lui la nuit dernière.
He spoke to me on the phone yesterday.,Il m&#39;a parlé au téléphone hier.
Yesterday I walked up to my house.,Hier j&#39;ai marché jusqu&#39;à ma maison.
On Friday I spoke with my son&#39;s teachers.,Vendredi j&#39;ai parlé avec les professeurs de mon fils.
You (fam) have walked for a long time.,Tu as marché longtemps.
"During one day, he has disappeared.","Pendant une journée, il a disparu."
I talked with her for an hour.,J&#39;ai parlé avec elle pendant une heure.
Have you (fam) talked with your wife?,Est-ce que tu as parlé avec ta femme ?
Where did you see me?,Où m&#39;avez-vous vu ?
She has taken her book.,Elle a pris son livre.
I took some wine.,J&#39;ai pris du vin.
I have received your letter.,J&#39;ai reçu votre lettre.
I forgot where I put them.,J&#39;ai oublié où je les ai mis.
That day I saw you (fam) on television.,Ce jour-là je t&#39;ai vu à la télévision.
I allowed them.,Je les ai permis.
He achieved!,Il a réussi !
I saw you (fam) five weeks ago.,Je t&#39;ai vu il y a cinq semaines.
Then we have chosen.,Alors nous avons choisi.
I saw her before.,Je l&#39;ai vue avant.
I saw her home.,Je l&#39;ai vue chez elle.
"These are my car keys, did you take them from my pocket?","Ce sont mes clés de voiture, tu les as prises dans ma poche ?"
I am sure that he mistook me for my older sister.,Je suis sûre qu&#39;il m&#39;a prise pour ma grande sœur.
He thrived in spite of all the difficulties.,Il a réussi malgré toutes les difficultés.
I have mistaken you for your brother.,Je vous ai pris pour votre frère.
And I did it when I was thirty.,Et je l&#39;ai faite à trente ans.
I played with the cat.,J&#39;ai joué avec le chat.
I opened it.,Je l&#39;ai ouvert.
"Later, he played in Europe.","Plus tard, il a joué en Europe."
She has not heard from you.,Elle n&#39;a pas entendu parler de vous.
When have you (fam) said that to my friend?,Quand as-tu dit ça à mon ami?
I have opened the door slowly.,J&#39;ai ouvert la porte lentement.
When have you done that?,Quand avez-vous fait cela ?
She knew how to read.,Elle a su lire.
We have made cakes.,Nous avons fait des gâteaux.
They reduced the alcohol in this wine.,Ils ont réduit l&#39;alcool dans ce vin.
The woman is open-minded.,La femme est ouverte.
He knew how to speak to everybody.,Il savait parler à tous.
I already did it.,Je l&#39;ai déjà faite.
I have not heard her that night.,Je ne l&#39;ai pas entendue cette nuit-là.
There is one thing I have not told you.,Il y a une chose que je ne vous ai pas dite.
Where did you (fam) hear that?,Où as-tu entendu ça ?
They made the bed today.,Ils ont fait le lit aujourd&#39;hui.
It is open between May and October.,C&#39;est ouvert entre mai et octobre.
I have said a few words.,J&#39;ai dit quelques mots.
She has always known.,Elle a toujours su.
"Our house, it is my father who made it.","Notre maison, c&#39;est mon père qui l&#39;a faite."
Is the door open?,La porte est-elle ouverte ?
That thing he has told us yesterday.,Cette chose qu&#39;il nous a dite hier.
I did not know.,Je n&#39;ai pas su.
"It is a new store, it opened last week.","C&#39;est un nouveau magasin, il a ouvert la semaine dernière."
I did not do that.,Je n&#39;ai pas fait ça.
Why have you done it?,Pourquoi l&#39;avez-vous fait ?
I have heard him on the radio.,Je l&#39;ai entendu à la radio.
"Yes, he has known.","Oui, il a su."
The door is open.,La porte est ouverte.
She made cheese with milk.,Elle a fait du fromage avec du lait.
It is open during the day.,C&#39;est ouvert pendant la journée.
We have played cards.,Nous avons joué aux cartes.
She told us that.,Elle nous a dit ça.
I have said that.,J&#39;ai dit cela.
I saw her at the party.,Je l&#39;ai vue à la fête.
Who has allowed it?,Qui a permis cela ?
I found a place!,J&#39;ai trouvé une place !
I did not ask you.,Je ne vous ai pas demandé.
We did not find his hat anymore.,Nous n&#39;avons plus trouvé son chapeau.
I began to live alone.,J&#39;ai commencé à vivre seul.
You thought the same thing as me.,Vous avez pensé la même chose que moi.
She has begun very soon.,Elle a commencé très tôt.
His mother was ashamed of him.,Sa mère a eu honte de lui.
He expected that for this evening,Il a prévu ça pour ce soir.
You (fam) thought the same as me.,Tu as pensé la même chose que moi.
He could read that book.,Il a pu lire ce livre.
He has not found me.,Il ne m&#39;a pas trouvé.
The things that we thought and did.,Les choses que nous avons pensées et faites.
She expected the start to be tonight.,Elle a prévu le départ pour ce soir.
He thought about his parents?,Il a pensé à ses parents?
I asked myself why.,Je me suis demandé pourquoi.
They could not forget.,Ils n&#39;ont pas pu oublier.
He has come after you left.,Il est venu après que vous êtes partie.
He showed us how to ride a horse.,Il nous a montré comment monter à cheval.
We want to know why this one held for so long.,Nous voulons savoir pourquoi celui-ci a tenu si longtemps.
He has showed me his car.,Il m&#39;a montré sa voiture.
He stopped writing for one year.,Il a arrêté d&#39;écrire pendant un an.
I came after you left.,Je suis venu après que tu es partie.
He arrived after I have left.,Il est arrivé après que je suis parti.
I have stopped listening to the radio.,J&#39;ai arrêté d&#39;écouter la radio.
They have held me responsible.,Ils m&#39;ont tenu pour responsable.
He has not answered me.,Il ne m&#39;a pas répondu.
She sleeps after she read.,Elle dort après qu&#39;elle a lu.
This is the door I have held.,C&#39;est la porte que j&#39;ai tenue.
A police car has stopped on the side of the road.,Une voiture de police s&#39;est arrêtée sur le bord de la route.
This is the suitcase that we held.,C&#39;est la valise que nous avons tenue.
You have replied.,Vous avez répondu.
Could you go there?,Avez-vous pu aller là-bas?
She never answered.,Elle n&#39;a jamais répondu.
What did I have?,Qu&#39;ai-je eu ?
I understood you.,Je vous ai compris.
I have changed.,J&#39;ai changé.
She had a cat.,Elle a eu un chat.
She has recently obtained a good job.,Elle a récemment obtenu un bon emploi.
I did not have time to eat.,Je n&#39;ai pas eu le temps de manger.
He had to finish this work yesterday.,Il a dû finir ce travail hier.
She has lived there for seven years.,Elle a vécu là pendant sept ans.
The children that we had are grown-up.,Les enfants que nous avons eus sont grands.
At what time did you return yesterday evening?,À quelle heure êtes-vous rentré hier soir ?
I have had to change my plans.,J&#39;ai dû changer mes plans.
She came back very late at home.,Elle est rentrée très tard à la maison.
She surely has lived in an apartment or a house.,Elle a sûrement vécu dans un appartement ou une maison.
You had children.,Vous avez eu des enfants.
The coats that they had are too small.,Les manteaux qu&#39;ils ont eus sont trop petits.
I wrote three letters.,J&#39;ai écrit trois lettres.
She lost the keys to her car.,Elle a perdu les clés de sa voiture.
They are reading the book that I have written.,Ils lisent le livre que j&#39;ai écrit.
She has (re)found her turtle.,Elle a retrouvé sa tortue.
They pulled my hair.,Ils ont tiré mes cheveux.
I have wanted red shoes.,J&#39;ai voulu des chaussures rouges.
The boy has learned to read.,Le garçon a appris à lire.
We never found them again.,Nous ne les avons jamais retrouvés.
Where did you buy them?,Où les avez-vous achetés ?
The engineer designed this robot.,L&#39;ingénieur a conçu ce robot.
We have ordered the meal.,Nous avons commandé le repas.
Is the book closed?,Le livre est-il fermé ?
We adopted a child.,Nous avons adopté un enfant.
We have sold some.,Nous en avons vendu.
They have adopted the little girl.,Ils ont adopté la petite fille.
Your parents have appreciated me?,Tes parents m&#39;ont apprécié ?
He has sold them.,Il les a vendus.
How many of them did you buy?,Combien en avez-vous acheté ?
The house is sold.,La maison est vendue.
My father bought this hat for me.,Mon père a acheté ce chapeau pour moi.
It(she) is closed today.,Elle est fermée aujourd&#39;hui.
Everything is sold.,Tout est vendu.
I really have enjoyed the meal.,J&#39;ai vraiment apprécié le repas.
He bought a dress for her.,Il a acheté une robe pour elle.
contact,le contact
they have waited,ils ont attendu
you (inf) have added,tu as ajouté
one has served,on a servi
she has served me,elle m&#39;a servi
I have waited,j&#39;ai attendu
she has gone out,elle est sortie
he has sent,il a envoyé
he has helped me,il m&#39;a aidé
I have helped you,je vous ai aidé
she has brought me...,elle m&#39;a apporté
I have added it,je l&#39;ai ajouté
you have sent me...,vous m&#39;avez envoyé
my father has gone out,mon père est sorti
I have waited for you,je vous ai attendu
This knife served me well.,Ce couteau m&#39;a bien servi.
he has reached...,il a atteint
you (inf) have taken...again,tu as repris
he has cut,il a coupé
I have missed my meaI,j&#39;ai raté mon repas
recognised/well known,reconnu
I recognised this man,J&#39;ai reconnu cet homme
Who has given this order and why?,Qui a donné cet ordre et pourquoi ?
For what reason is it yellow?,Pour quelle raison est-il jaune ?
The effect is almost the same.,L&#39;effet est presque le même.
She has given him a blow.,Elle lui a mis un coup.
You have been an example for me.,Tu as été un exemple pour moi.
"blow, punch",le coup
"the rest, remainder",la suite
"example, instance (m)",l&#39;exemple
"Anyway, I am too old for that.","De toute façon, je suis trop vieux pour ça."
effect (m),l&#39;effet
"For reasons that I do not understand, she does not want to talk to me.","Pour des raisons que je ne comprends pas, elle ne veut pas me parler."
He works under my orders.,Il travaille sous mes ordres.
That is my way of thinking.,C&#39;est ma façon de penser.
But orders are orders.,Mais les ordres sont les ordres.
system,le système
It is a great idea.,C&#39;est une grande idée.
action (f),l&#39;action
"Actions, not words","Des actions, pas des mots"
His look is on me.,Son regard est sur moi.
look,le regard
She just had played her last role.,Elle venait de jouer son dernier rôle.
"role, part, function",le rôle
He trusts his view.,Il fait confiance à son regard.
"movement, motion",le mouvement
Do you have ideas to help me?,Avez-vous des idées pour m&#39;aider ?
"relationship, relation",le rapport
to defend,défendre
adventure (f),l&#39;aventure
situation,la situation
problem,le problème
manner,la manière
value,la valeur
"type, guy",le type
importance (f),l&#39;importance
"public, audience",le public
truth,la vérité
subject,la matière
smile,le sourire
advice,le conseil
coach,l&#39;entraîneur (m)
level,le niveau
"evolution, development, advancement",l&#39;évolution
attention (f),l&#39;attention
space (m),l&#39;espace
shadow (f),l&#39;ombre
effort (m),l&#39;effort
to reduce,réduire
intelligence (f),l&#39;intelligence
"type, kind, sort",le genre
Friendship is a safe bet.,L&#39;amitié est une valeur sûre.
There exist several types of dresses.,Il existe plusieurs types de robes.
What to do in such a situation?,Que faire dans une telle situation ?
It is the only system of this type in France.,C&#39;est le seul système de ce type en France.
He is interested in the image itself.,Il s&#39;intéresse à l&#39;image elle-même.
This magazine has nothing of interest!,Ce magazine n&#39;a aucun intérêt !
Her works on this topic are of primary importance.,Ses travaux sur ce sujet sont de première importance.
The public came in numbers.,Le public est venu nombreux.
He never pays attention.,Il ne fait jamais attention.
It is not like me.,Ce n&#39;est pas mon genre.
Beware of the dog!,Attention au chien !
a little more effort,encore un petit effort
We are not playing at the same level.,Nous ne jouons pas au même niveau.
Why are there different spaces?,Pourquoi y a-t-il différents espaces ?
You know the sort?,Vous voyez le genre ?
I want to be of the required level.,Je veux être au niveau.
progress,le progrès
future (m),l&#39;avenir
result,le résultat
at random,au hasard
member,le membre
sign,le signe
experience (f),l&#39;expérience
organization,l&#39;organisation
"It takes time, but the results are worth the effort.","Cela prend du temps, mais les résultats en valent l&#39;effort."
Have you made progress in your studies?,Avez-vous fait des progrès dans votre travail ?
No sign of it?,Pas de signe de ça?
I still have to meet members of my family.,Je dois encore rencontrer des membres de ma famille.
series,la série
paper,le papier
choice,le choix
"chance, luck",la chance
"habit, custom (f)",l&#39;habitude
success,le succès
"secondhand, used",d&#39;occasion
product,le produit
form,la forme
"way, means",le moyen
faith,la foi
need,le besoin
quality,la qualité
rule,la règle
creation,la création
"on sale, for sale",en vente
indeed (2 words),en effet
followed (pp),suivi
He needs them (f).,Il a besoin d&#39;elles.
"You (inf) do not need it, and neither do we.","Tu n&#39;en as pas besoin, et nous non plus."
I am lucky.,J&#39;ai de la chance.
The wine is of good quality.,Le vin est d&#39;une bonne qualité.
But we need to take the time to search.,Mais nous devons prendre le temps de chercher.
voice,la voix
conversation,la conversation
"language, tongue (f)",la langue
opinion (f),l&#39;opinion
in contact,en contact
call (m),l&#39;appel
article (m),l&#39;article
press,la presse
"word, words, speech",la parole
communication,la communication
language (m),le langage
to keep one&#39;s word,tenir parole
to recall,se souvenir de
"at this moment, right now",en ce moment
not another word,pas un mot de plus
internet,l&#39;internet (m)
website,le site Internet
hello (phone),allô
"little, not much",peu
then,puis
then (not puis),ensuite
thus,ainsi
elsewhere,ailleurs
"moreover, by the way",d&#39;ailleurs
everywhere,partout
far,loin
outside (not extérieur),dehors
near,près
underneath,dessous
over there,là-bas
in this way,de cette manière
solution,la solution
construction,la construction
equipment,le matériel
decision,la décision
difference,la différence
project,le projet
act,l&#39;acte (m)
principle,le principe
model,le modèle
criticism,la critique
growth,la croissance
destiny,le destin
genius,le génie
proof,la preuve
work,le boulot
possibility,la possibilité
use,l&#39;utilisation (f)
reading,la lecture
mission,la mission
definition,la définition
intention,l&#39;intention (f)
detail,le détail
danger,le danger
explanation,l&#39;explication (f)
history,l&#39;histoire (f)
tradition,la tradition
sector,le secteur
mistake,l&#39;erreur (f)
exercise,l&#39;exercice (m)
division,la division
operation,l&#39;opération (f)
code,le code
strength,la force
future,l&#39;avenir (m)
character,le caractère
reality,la réalité
influence,l&#39;influence (f)
share,le part
part,la partie
total,le total
lie,le mensonge
control,le contrôle
childhood,l&#39;enfance (f)
fault,la faute
to wash (oneself),se laver
to get married,se marier
to remember,se souvenir
to be quiet,se taire
to prevent,empêcher
to avoid,éviter
to push,pousser
to meet,rencontrer
to build,construire
to solve,résoudre
to send,envoyer
to judge,juger
to move,bouger
to support,supporter
to replace,remplacer
to reflect [thoughts],réfléchir
to decide,décider
to lead to,entraîner
to protect,protéger
to fill,remplir
to describe,décrire
to organize,organiser
to check,vérifier
to undergo,subir
to quote,citer
"to transform, to change",transformer
to warn,prévenir
to sustain,soutenir
to give up,abandonner
to break,casser
to control,contrôler
to tell,raconter
to succeed,réussir
to telephone,téléphoner
to finish,terminer
to accompany,accompagner
to adopt,adopter
to share,partager
to run away,enfuir
to marry,marier
to return,retourner
to accept,accepter
to diminish,diminuer
to lend,prêter
to borrow,emprunter
I am loved,je suis aimé
you are loved (i),tu es aimé
she is respected,elle est respectée
we are respected,nous sommes respectés
it is read,il est lu
they are made (f),elles sont faites
you were adopted,vous avez été adopté
she was loved,elle a été aimée
"close to, near",près de
in front of,devant
through,à travers
"fewer, less than",moins de
in the process of,en train de
in the middle of,au milieu de
"next to, compared with",auprès de
"above, beyond",au-dessus de
below,en-dessous
"enough, rather, quite",assez
thanks to,grâce à
a lot of (not beaucoup),plein de
piece,le morceau
rest,le repos
preparation,la préparation
late,en retard
delay,le retard
network,le réseau
significance,la signification
"increase, rise",l&#39;augmentation
reflection,la réflexion
advantage,l&#39;avantage
mixture,le mélange
access,l&#39;accès
shock,le choc
protection,la protection
"help, assistance, aid",le secours
personality,la personnalité
trial,le procès
the issue,l&#39;émission
meeting,la réunion
disappearance,la disparition
origin,l&#39;origine
homework,le devoir
"stage (as in step, not theatrical)",l&#39;étape
damage,le dommage
too bad,dommage
conference,la conférence
option,l&#39;option
break,la pause
version,la version
agenda,l&#39;agenda
help,l&#39;aide
invitation,l&#39;invitation
list,la liste
category,la catégorie
evil,le mal
company,la compagnie
relationship,la relation
absence,l&#39;absence
kiss,le bisou
I had used,j&#39;avais utilisé
you had known (i),tu avais connu
he had accepted,il avait accepté
she had obtained,elle avait obtenu
we had proposed,nous avions proposé
you had added,vous aviez ajouté
they had left (m),ils étaient passés
they had had (f),elles aient eu
I had come,j&#39;étais venu
you had returned (retourner) (i),tu avais retourné
he had called,il avait appellé
she had translated,elle avait traduit
we had noticed,nous avions remarqué
you had brought,vous aviez apporté
they had been (m),ils avaient été
they had died (f),elles étaient mortes
I had written,j&#39;avais écrit
world,le monde
air,l&#39;air (m)
sun,le soleil
sea,la mer
sky,le ciel
nature,la nature
fire,le feu
wind,le vent
element,l&#39;élément (m)
soil,le sol
species,l&#39;espèce (f)
field,le champ
tree,l&#39;arbre
heat,la chaleur
forest,la forêt
flower,la fleur
rain,la pluie
rose,la rose
grass,l&#39;herbe (f)
wave,la vague
moon,la lune
mountain,la montagne
landscape,le paysage
smoke,la fumée
river (small),la rivière
star,l&#39;étoile (f)
summit,le sommet
river (large),le fleuve
climate,le climat
lake,le lac
ocean,l&#39;océan (m)
planet,la planète
cloud,le nuage
grain / seed,la graine
snow,la neige
source,la source
plant,la plante
environment,l&#39;environnement (m)
storm,l&#39;orage (m)
it is raining,il pleut
electricity,l&#39;électricité (f)
it&#39;s snowing,il neige
polluted,pollué
pollution,la pollution
gold,l&#39;or (m)
stone,la pierre
"silver, money",l&#39;argent (m)
iron,le fer
sand,le sable
"mirror, ice",la glace
leather,le cuir
metal,le métal
steel,l&#39;acier
"copper, brass, copperware",le cuivre
cotton,le coton
"oil, petrol",le pétrole
wood,le bois
dust,la poussière
plastic,le plastique
wool,la laine
having,ayant
being,étant
doing,faisant
saying,disant
acting,agissant
"work, piece",l&#39;oeuvre
music,la musique
theater,le théâtre
fashion,la mode
painting,la peinture
show,le spectacle
grade,la note
cinema,le cinéma
rhythm,le rythme
poetry,la poésie
artist,l&#39;artiste
film,le film
instrument,l&#39;instrument (m)
writer,l&#39;écrivain (m)
art,le dessin
museum,le musée
chalkboard,le tableau
song,la chanson
mask,le masque
novel,le roman
piano,le piano
concert,le concert
actor,l&#39;acteur
drums (drum kit),la batterie
violin,le violon
singer (m),le chanteur
guitar,la guitare
poem,le poème
stage,la scène
musician,le musicien
photography,la photographie
literature,la littérature
you will be,vous serez
I will be,je serai
you will be (i),tu seras
he will be,il sera
we will be,nous serons
they will be,ils seront
I will speak,je parlerai
they will have,ils auront
he will eat,il mangera
they will be able to,ils pourront
it will be necessary,il faudra
I will make/ do,je ferai
we will walk,nous marcherons
you will offer,vous offrirez
we will see,nous verrons
you will organise (i),tu organiseras
you will have to,vous devrez
he will finish,il finira
you will go (i),tu iras
she will die,elle mourra
I will love,j&#39;aimerai
"size (clothing), waist",la taille
volume,le volume
speed,la vitesse
height,la hauteur
width,la largeur
depth,la profondeur
square,le carré
side,le côté
I do not care.,Ça m&#39;est égal.
high up,en hauteur
In the next room.,Dans la pièce à côté.
head,la tête
hand,la main
case,le cas
body,le corps
arm,le bras
heart,le coeur
face,le visage
"face, side",la face
age,l&#39;âge (m)
eyes,les yeux
eye,l&#39;oeil (m)
foot,le pied
mouth,la bouche
blood,le sang
back,le dos
lip,la lèvre
skin,la peau
finger,le doigt
nose,le nez
leg,la jambe
forehead,le front
diet,le régime
stomach,le ventre
the teeth,les dents (f)
tear,la larme
illness,la maladie
neck,le cou
risk,le risque
treatment,le traitement
chest,la poitrine
throat,la gorge
health,la santé
ear,l&#39;oreille (f)
bone,l&#39;os (m)
hospital,l&#39;hôpital (m)
virus,le virus
medicine,la médecine
brain,le cerveau
"hair, stubble, fur",le poil
patient,le patient
life,la vie
to consult,consulter
cheek,la joue
shoulder,l&#39;épaule (f)
organ,l&#39;orgue (m)
"medicine, drug",le médicament
nurse,l&#39;infirmière
dentist,le dentiste
ankle,la cheville
clinic,la clinique
we are (subj:,nous soyons
we have (subj),nous ayons
I see (subj),je voie
he can (subj),il puisse
you search for (subj) (i),tu recherches
I travel (subj),je voyage
he closes (subj),il ferme
I do/make (subj),je fasse
you live (subj) (i),tu vives
they become (subj),ils deviennent
he say (subj),il dise
I react (subj),je réagisse
you enter (subj),vous entriez
war,la guerre
law,le droit
power,le pouvoir
society,la société
development,le développement
government,le gouvernement
liberty,la liberté
party (political),le parti
agreement,l&#39;accord (m)
the economy,l&#39;économie
revolution,la révolution
politics,la politique
security,la sécurité
defence,la défense
speech,le discours
process,le processus
ministry,le ministère
violence,la violence
budget,le budget
conflict,le conflit
mayor,le maire
candidate,le candidat
debt,la dette
tax,l&#39;impôt
town hall,la mairie
strategy,la stratégie
nation,la nation
assembly,l&#39;assemblée (f)
event,l&#39;événement (m)
vote,le vote
parliament,le parlement
democracy,la démocratie
demonstration,la manifestation
to vote,voter
senator,le sénateur
justice,la justice
to struggle,lutter
school,l&#39;école (f)
education,l&#39;enseignement (m)
study,l&#39;étude (f)
classroom,le salle de classe
class,la classe
pupil,l&#39;élève (m or f)
director,le directeur
to study,étudier
library,la bibliothèque
high school,le lycée
student,l&#39;étudiant (m)
pencil,le crayon
description,la description
training,la formation
semester,le semestre
concept,le concept
beginner,le débutant
teacher,l&#39;enseignant
do (i),fais
Let&#39;s go,Allons-y
see,voyez
pull,tirez
imagine,imaginez
change,changez
forget (i),oublie
leave,laissez
come,venez
put (i),mets
look (i),regarde
send (i),envoie
choose (i),choisis
stop (i),arrête
listen (i),écoute
eat (i),mange
be (1st person plural),soyons
advance (i),avance
run (i),cours
"say, tell (i)",dis
give,donnez
write,écrivez
excuse (i),excuse
play (i),joue
let&#39;s read,lisons
speak,parlez
take,prenez
he can,il peut
it is necessary,il faut
he must,il doit
he could (imp.),il pouvait
you want,vous voulez
they can,ils peuvent
it was necessary (imp.),il fallait
he would be able to,il pourrait
I can,je peux
I can (subj),je puisse
it would be necessary,il faudrait
I must,je dois
they could (imp.),ils pouvaient
I could (imp.),je pouvais
he will be able to,il pourra
he would have to,il devrait
I would be able to,je pourrais
they would be able to,ils pourraient
you can,vous pouvez
he will have to,il devra
I would have to,je devrais
we would be able to,nous pourrions
you can (i),tu peux
you want (i),tu veux
I would like,je voudrais
I would be,je serais
you would be (i),tu serais
he would be,il serait
we would be,nous serions
you would be,vous seriez
they would be,ils seraient
you would have,vous auriez
I would say,je dirais
you would have to (i),tu devrais
we would make/ do,nous ferions
he would love,il aimerait
he would go,il irait
they would like,ils voudraient
point,le point
function,la fonction
theory,la théorie
research,la recherche
science,la science
method,la méthode
analysis,l&#39;analyse (f)
measure,la mesure
temperature,la température
discovery,la découverte
limit,la limite
scale,l&#39;échelle (f)
circle,le cercle
radius,le rayon
scientist,le scientifique
degree,le degré
technology,la technologie
I would have been,j&#39;aurais été
you would have recognised (i),tu aurais reconnu
we would have become,nous serions devenus
he would have stopped,il aurait arrêté
you would have gone,vous seriez allé
they would have looked,ils auraient regardé
I would have underlined,j&#39;aurais souligné
you would have introduced (i),tu aurais présenté
she would have offered,elle aurait offert
we would have payed,nous aurions payé
you would have told,vous auriez raconté
ghost,le fantôme
black cat,le chat noir
broom,le balai
to carve,tailler
pumpkin,la citrouille
mummy,la momie
witch,la sorcière
devil,le diable
sweets,les bonbons
vampire,le vampire
werewolf,le loup-garou
costume,le déguisement
bat,la chauve-souris
monster,le monstre
haunted house,la maison hantée
trick or treat!,des bonbons ou un sort!
cobweb,la toile d&#39;araignée
skeleton,le squelette
train,le train
trip,le voyage
engine,le moteur
train station,la gare
boat,le bateau
plane,l&#39;avion (m)
to drive,conduire
wing,l&#39;aile (f)
accident,l&#39;accident
underground,le métro
airport,l&#39;aéroport (m)
motorcycle,la moto
steering wheel,le volant
petrol,l&#39;essence (f)
ticket,le ticket
Spanish,espagnol
continent,le continent
Brazilian,brésilien
bus,le bus
tourist,le touriste
passenger,le passager
tire,le pneu
passport,le passeport
Italian,italien
visit,la visite
guide,le guide
taxi,le taxi
view,la vue
"journey, distance",le trajet
to fly,voler
to speed up,accélérer
traffic,la circulation
to brake,freiner
they have been (subj),ils aient été
I have finished (subj),j&#39;aie fini
you have gone (subj) (i),tu sois allé
he has passed (subj),il ait passé
we have informed (subj),nous ayons informé
you have had (subj),vous ayez eu
you have prepared (subj) (i),tu aies préparé
account,le compte
price,le prix
production,la production
boss,le patron
worker,l&#39;ouvrier (m)
consumption,la consommation
capital,le capital
change (money),la monnaie
to produce,produire
industry,l&#39;industrie (f)
tourism,le tourisme
sale,la vente
industrial,industrielle
owner,le propriétaire
contract,le contrat
salary,le salaire
benefit,le bénéfice
union,le syndicat
fortune,la fortune
to hire,embaucher
credit,le crédit
investment,l&#39;investissement (m)
invoice,la facture
order,la commande
consumer,le consommateur
business,l&#39;affaire (f)
register,le registre
to rent,louer
tip,le service
reduction,la réduction
offer,l&#39;offre (f)
growing,en croissance
unemployed,au chômage
unemployment,le chômage
"purse, wallet",le porte-monnaie
goal,le but
the dance,la danse
race,la course
ball (small),la balle
stadium,le stade
to hit,frapper
sport,le sport
champion,le champion
team,l&#39;équipe (f)
football,le football
player,le joueur
bike,le vélo
ball (large),le ballon
golf,le golf
tennis,le tennis
competition,la compétition
gymnasium,le gymnase
leisure,le loisir
walk,la promenade
to jump,sauter
Nice shot!,Joli coup !
to score,marquer
mind,l&#39;esprit
soul,l&#39;âme (f)
angel,l&#39;ange (m)
religion,la religion
God,le Dieu
religious,religieux
saint,le saint
church,l&#39;église (f)
philosophy,la philosophie
hell,l&#39;enfer (m)
paradise,le paradis
day,le jour
decorations,les décorations (f)
fir,le sapin
mistletoe,le gui
sled,le traineau
reindeer (s),le renne
joyful,joyeux
Merry Christmas,Joyeux Noël
Santa Claus,Père Noël
to celebrate,fêter
elf,le farfadet
celebration,la fête
log,la bûche
yule log,la bûche de Noël
Christmas carol,le chant de Noël
snowball,la boule de neige
hot chocolate,le chocolat chaud
the north pole,le pole nord
Christmas ornament,la boulesl de Noël
"Christmas lights, fairy lights",les guirlandes (f)
fairy tale,le conte de fées
mermaid,la sirène
fairy,la fée
dwarf,le nain
knight,le chevalier
dragon,le dragon
curse,le sort
spinning wheel,le rouet
Cinderella,Cendrillon
Little Red Riding Hood,Le Petit Chaperon Rouge
Blue Beard,Barbe-Bleue
Puss in Boots,Le Chat Botté
magic,la magie
magic spell,le sortilège
wizard,le sorcier
giant,le géant
ogre,l&#39;ogre (m)
Snow White,Blanche-Neige
Once upon a time,Il était une fois
they lived happily ever after,Ils vécurent heureux et eurent beaucoup d&#39;enfants
wand,la baguette
genie,le génie
"Easy come, easy go.","Ça va, ça vient."
Nothing lasts forever.,Rien n&#39;est éternel.
Out of sight out of mind.,"Loin des yeux, loin du coeur."
The absent are always in the wrong.,Les absents ont toujours tort.
"Move your feet, lose your seat.","Qui va à la chasse, perd sa place."
The grass is always greener on the other side.,L&#39;herbe est toujours plus verte chez le voisin.
Don&#39;t bite off more than you can chew.,Il ne faut pas avoir les yeux plus gros que le ventre.
Don&#39;t put all your eggs in one basket.,Il ne faut pas mettre tous ses oeufs dans le même panier .
Not so fast!,Pas si vite!
Run for your life.,Sauve qui peut.
"When in Rome, do as the Romans do.","À Rome, fait comme les Romains."
Better late than never.,Mieux vaut tard que jamais.
All good things must come to an end.,Toutes les bonnes choses ont une fin.
Every little helps.,"Petit à petit, l&#39;oiseau fait son nid."
The early bird catches the worm.,Le monde appartient à ceux qui se lèvent tôt.
"No need to worry, it won&#39;t get things any further.",Tout vient à point à qui sait attendre.
To each his own.,À chacun ses goûts.
You only live once.,On ne vit qu&#39;une fois.
The walls have ears.,Les murs ont des oreilles.
That car costs an arm and a leg.,Cette voiture coûte un bras.
Actions speak louder than words.,Les actes en disent plus long que les mots.
Help!,Au secours !
Let&#39;s not split hairs!,Ne coupons pas les cheveux en quatre !
Over my dead body!,On devra me passer sur le corps !
Are you a model? (i),Tu es mannequin ?
I have a crush on you. (i),Tu me plais.
Do you want to dance with me? (f),Voulez vous danser ?
Can I buy you an ice cream? (i),Est-ce que je peux t&#39;offrir une glace ?
"I&#39;m not drunk, I&#39;m just intoxicated by you. (i)","Je ne suis pas saoul, je suis juste ivre de toi."
"Even without gravity on earth, I would still fall in love with you. (i)","Même sans gravité sur Terre, je tomberais amoureux de toi."
What&#39;s your name? (f),Vous vous appelez comment?
He is Prince Charming.,C&#39;est le prince charmant.
Are we going to your place or mine? (i),On va chez toi ou chez moi ?
I want to go out with you. (i),Je veux sortir avec toi.
Do you want to go out with me? (f),Voulez vous sortir avec moi ?
Can you give me your phone number? (i),Tu peux me donner ton numéro de téléphone ?
Do you want to go get a drink? (f),Voulez vous aller prendre un verre ?
Can I buy you a drink? (i),Je peux t&#39;offrir un verre ?
weather,le temps
weather report,le bulletin météorologique
rainbow,l&#39;arc en ciel (m)
weatherman,le présentateur météo
cloudy,nuageux
sunrise,le lever du soleil
sunset,le coucher du soleil
hail,la grêle
atmospheric pressure,la pression atmosphérique
it is snowing,il neige
it is freezing,il gèle
tornado,la tornade
blizzard,la tempête de neige
thunder,le tonnerre
lightning,l&#39;éclair (m)
avalanche,l&#39;avalanche (f)
hurricane,l&#39;ouragan (m)
snowman,le bonhomme de neige
parasol,l&#39;ombrelle (f)
sun glasses,les lunettes de soleil (f)
it is hot,il fait chaud
it&#39;s cold,il fait froid
What&#39;s the weather like?,Quel temps fait-il?
electric guitar,la guitare électrique
acoustic guitar,la guitare acoustique
drum,le tambour
flute,la flûte
triangle,le triangle
saxophone,le saxophone
bow,l&#39;archet (m)
cello,le violoncelle
recorder,la flûte à bec
harmonica,l&#39;harmonica (m)
wind instrument,l&#39;instrument à vent (m)
trumpet,la trompette
bagpipes,la comemuse
brass instrument,les cuivres (m)
woodwind,les bois (m)
percussion,les percussions (f)
cymbal,la cymbale
clarinet,la clarinette
choir,la chorale
singer (f),la chanteuse
to play music,jouer de la musique
musical instrument,l&#39;instrument de musique
printer,l&#39;imprimante (f)
to click,cliquer
to click on,cliquer sur
software,le logiciel
hardware,le matériel informatique
to program,programmer
programmer,le programmeur
desktop computer,l&#39;ordinateur de bureau
to text,envoyer des SMS
app,l&#39;appli (f)
application,l&#39;application
to download,télécharger
file,le fichier
"battery (round, non-rechargeable)",la pile
"battery (square, rechargeable)",la batterie
to connect (to WiFi),connecter
window,la fenêtre
browser,le navigateur
message,le message
to delete,supprimer
to search for,rechercher
search engine,le moteur de recherche
to calculate,calculer
calculator,la calculatrice
digital,numérique
virtual,virtuel
television,la télévision
"TV, telly",la télé
archeologist,l&#39;archéologue (m or f)
prehistory,la préhistoire
dinosaur,le dinosaure
flint,le silex
fossil,le fossile
to hunt,chasser
Pharaoh,le Pharaon
Egyptian,Égyptien
hieroglyph,l&#39;hiéroglyphe (m)
Greek,Grec
pyramid,la pyramide
priest,le prêtre
priestess,la prêtresse
slave,l&#39;esclave (m or f)
Olympic games,les Jeux Olympiques (m)
the Minotaur,le Minotaure
Roman,Romaine
the Roman Empire,l&#39;Empire romain
emperor,l&#39;empereur
empress,l&#39;impératrice
chariot,le char
gladiator,le gladiateur
the Middle Ages,le Moyen Âge
abbey,l&#39;abbaye (f)
castle,le château
plague,la peste
duke,le duc
duchess,la duchesse
baron,le baron
baroness,la baronne
samurai,le samouraï
Indian,indien
explorer (m),l&#39;explorateur
explorer (f),l&#39;exploratrice
colony,la colonie
cowboy,le cow-boy
civil war,la guerre civile
factory,l&#39;usine (f)
world war,la guerre mondiale
trench,la tranchée
homeland,la patrie
rocket,la fusée
spaceship,le vaisseau spatial
moon landing,l&#39;alunissage (m)
present,le présent
"freedom, equality, brotherhood","Liberté, Égalité, Fraternité"
congratulations,félicitations
Happy birthday!,Joyeux anniversaire!
Christmas,Noël
Christmas Eve,la veille de Noël
Christmas tree,le sapin de Noël
New Year&#39;s Eve,la Saint-Sylvestre
New Year&#39;s Day,le Jour de l&#39;An
Labour Day (1 May),Fête du Travail
Easter,Pâques (f/pl)
Easter Bunny,Le Lapin de Pâques
Easter egg,l&#39;oeuf de Pâques (m)
Happy Easter,Joyeuses pâques
Bastille Day (14 July),la Fête Nationale
Victory in Europe Day (8 May),la Fête de la Victoire
Mother&#39;s Day,la Fête des Mères
Father&#39;s Day,la Fête des Pères
Armistice Day,Jour d&#39;Armistice
Assumption (15 August),Assomption
All Saints&#39; day (1 November),la Toussaint
Pentecost,la Pentecôte
Halloween,Halloween (f)
Valentine&#39;s Day,la Saint Valentin
