Je n'ai pas à vous parler.<br /><br /><br />,[ I don't have to talk to you. ]<br>
Je n'ai pas de chez moi.<br><br><br>,[ I don't have a home. ]<br>
Il ne la veut pas.<br><br><br>,[ He doesn't want it. ]<br>
Je ne veux pas y aller.<br><br><br>,[ I don't want to go. ]<br>
Je ne vais pas bien.<br><br><br>,[ I'm not well. ]<br>
Il me l'a fait faire.<br><br><br>,[ He made me do it. ]<br>
Il est plus fort que moi.<br><br><br>,[ He's stronger than me. ]<br>
Je l'ai fait pour lui.<br><br><br>,[ I did it for him. ]<br>
Je dois la voir !<br><br><br>,[ I have to see it! ]<br>
Il le fait comme il faut.<br><br><br>,[ He's doing it right. ]<br>
De quoi ça a l'air ?<br><br><br>,[ What does it look like? ]<br>
Que fait ton père ?<br><br><br>,[ What does your father do? ]<br>
Je n'ai rien fait !<br><br><br>,[ I didn’t do anything! ]<br>
Je suis dans la maison.<br><br><br>,[ I am in the house. ]<br>
Je n'ai pas ce livre.<br><br><br>,[ I don't have this book. ]<br>
Tu sais ce que c'est.<br><br><br>,[ You know what it is. ]<br>
Il ne me parle jamais.<br><br><br>,[ He never speaks to me. ]<br>
Je veux le voir.<br><br><br>,[ I want to see it. ]<br>
Si tu veux.<br><br><br>,[ If you want. ]<br>
Je te l'ai dit !<br><br><br>,[ I told you so. ]<br>
Tu as tout.<br><br><br>,[ You have everything. ]<br>
Je veux être là avec toi.<br><br><br>,[ I want to be here with you. ]<br>
Il était plus petit que moi.<br><br><br>,[ He was shorter than me. ]<br />
Je n'ai pas dit ça.<br><br><br>,[ I didn't say that. ]<br>
Il ne s'est pas fait prendre.<br><br><br>,[ He didn’t get caught. ]<br>
Il n'est plus ici.<br><br><br>,[ He is no longer here. ]<br>
Il n'y a que moi ici.<br><br><br>,[ There's no one but me here. ]<br>
Je l'ai fait pour toi.<br><br><br>,[ I did it for you. ]<br>
Je ne vous ai pas entendu.<br><br><br>,[ I didn't hear you. ]<br>
Tout le monde le pense.<br><br><br>,[ Everyone thinks so. ]<br>
Il ne veut pas en parler.<br><br><br>,[ He doesn't want to talk about it. ]<br>
Nous avons beaucoup à faire.<br><br><br>,[ We have a lot to do. ]<br>
Ce n'est pas assez bien.<br><br><br>,[ It's not good enough. ]<br>
Il n'a rien à faire.<br><br><br>,[ He has nothing to do. ]<br>
Je vous aime vraiment.<br><br><br>,[ I really love you. ]<br>
Je veux te le dire.<br><br><br>,[ I want to tell you. ]<br>
Il vous faut me le dire.<br><br><br>,[ You must tell me. ]<br>
Tout le monde est chez lui.<br><br><br>,[ Everybody's home. ]<br>
Je suis très grand.<br><br><br>,[ I am very tall. ]<br>
Je veux te parler.<br><br><br>,[ I want to talk to you. ]<br>
Je suis plus belle que vous.<br><br><br>,[ I am more beautiful than you. ]<br>
C'est ce que je veux dire.<br><br><br>,[ What I want to say is this. ]<br>
Où est le livre ?<br><br><br>,[ Where is the book? ]<br>
Il est bon à quelque chose.<br><br><br>,[ He is good for something. ]<br>
Tout le monde le dit.<br><br><br>,[ Everyone's saying it. ]<br>
C'est tout à fait juste.<br><br><br>,[ That's absolutely right. ]<br>
Il me faut vraiment y aller.<br><br><br>,[ I really do have to go. ]<br>
Ça n'a pas de sens.<br><br><br>,[ This doesn't make sense. ]<br>
Tu dois me le dire.<br><br><br>,[ You must tell me. ]<br>
Je n'aime pas vraiment en parler.<br><br><br>,[ I don't really like to talk about it. ]<br>
Il est grand temps !<br><br><br>,[ It's about time. ]<br>
Encore un peu ?<br><br><br>,[ A little more? ]<br>
Il a tout vu.<br><br><br>,[ He saw everything. ]<br>
Il sait ce qu'il fait.<br><br><br>,[ He knows what he's doing. ]<br>
Il a peur de son père.<br><br><br>,[ He is afraid of his father. ]<br>
Je sais que vous avez peur.<br><br><br>,[ I know you're scared. ]<br>
Il m'a tout dit.<br><br><br>,[ He told me everything. ]<br>
Je ne suis pas ton ami.<br><br><br>,[ I'm not your friend. ]<br>
Je la vis avec vous.<br><br><br>,[ I saw her with you. ]<br>
Par ici !<br><br><br>,[ Walk this way. ]<br>
Ne me le dis pas.<br><br><br>,[ Don't tell me. ]<br>
Ce sera pour moi.<br><br><br>,[ I'll treat you. ]<br>
Elle en veut un.<br><br><br>,[ She wants one. ]<br>
Je vous l'ai déjà dit.<br><br><br>,[ I already told you. ]<br>
C'est la même chose pour moi.<br><br><br>,[ It's the same to me. ]<br>
Vous avez un problème ?<br><br><br>,[ What is wrong with you? ]<br>
Il sera toujours avec vous.<br><br><br>,[ He will always be with you. ]<br>
Il n'a rien fait.<br><br><br>,[ He hasn't done anything. ]<br>
"Sans toi, je ne suis rien.<br><br><br>","[ Without you, I am nothing. ]<br>"
Ce n'est pas mon problème.<br><br><br>,[ That's not my concern. ]<br>
Il nous faut y aller.<br><br><br>,[ We have to go. ]<br>
Ce n'est rien.<br><br><br>,[ No prob. ]<br>
Il est encore au travail.<br><br><br>,[ He's still at work. ]<br>
Il est grand comment ?<br><br><br>,[ How big is he? ]<br>
Mange tout ce que tu veux.<br><br><br>,[ Eat everything you wish. ]<br>
Je ne lui dis pas tout.<br><br><br>,[ I didn't tell him everything. ]<br>
Je n'ai pas le temps maintenant.<br><br><br>,[ I don't have time right now. ]<br>
Je pense qu'il faut y aller.<br><br><br>,[ I think we have to go. ]<br>
Viens si tu peux !<br><br><br>,[ Come if you can! ]<br>
Je vais y aller avec toi.<br><br><br>,[ I'll go with you. ]<br>
Je dois y aller.<br><br><br>,[ I have to leave now. ]<br>
Nous ne devons pas y aller.<br><br><br>,[ We don't have to go. ]<br>
Il est bon de manger.<br><br><br>,[ Eating is good. ]<br>
Je viens de le lui dire.<br><br><br>,[ I just told him. ]<br>
Je ne sais rien encore.<br><br><br>,[ I don't know anything yet. ]<br>
C'est bien fait.<br><br><br>,[ It's well done. ]<br>
Je dois lui parler.<br><br><br>,[ I've got to speak to him. ]<br>
Je sais tout.<br><br><br>,[ I know everything. ]<br>
Je ne peux faire mieux.<br><br><br>,[ I can’t do any better. ]<br>
J'ai le temps pour moi.<br><br><br>,[ Time is on my side. ]<br>
Tout le monde le sait.<br><br><br>,[ Anybody knows it. ]<br>
Il ne faut jamais dire jamais.<br><br><br>,[ Never say never. ]<br>
Je n'en ai pas.<br><br><br>,[ I don't have one. ]<br>
Il a plus d'argent que moi.<br><br><br>,[ He has much more money than I have. ]<br>
Il est trop vieux pour elle.<br><br><br>,[ He's too old for her. ]<br>
Vous n'avez plus besoin de moi.<br><br><br>,[ You don't need me anymore. ]<br>
Tu ne connais rien du monde.<br><br><br>,[ You know nothing of the world. ]<br>
Je veux parler.<br><br><br>,[ I want to talk. ]<br>
Elle a tout vu.<br><br><br>,[ She saw everything. ]<br>
Où est ma voiture ?<br><br><br>,[ Where is my car? ]<br>
J'ai vraiment besoin de te parler.<br><br><br>,[ I really need to talk to you. ]<br>
Il est grand et fort.<br><br><br>,[ He is tall and strong. ]<br>
Je ne suis pas votre fils.<br><br><br>,[ I'm not your son. ]<br>
J'ai un travail pour vous.<br><br><br>,[ I have a job for you. ]<br>
Je veux des enfants.<br><br><br>,[ I want children. ]<br>
Nous aussi nous sommes là.<br><br><br>,"[ We're here, too. ]<br>"
C'est ce que j'ai toujours dit.<br><br><br>,[ That's what I've always said. ]<br>
Nous y avons tous été.<br><br><br>,[ We've all been there. ]<br>
Je veux voir votre mère.<br><br><br>,[ I want to see your mother. ]<br>
Vous en avez eu assez.<br><br><br>,[ You've had enough. ]<br>
C'est pour toi.<br><br><br>,[ This is for you. ]<br>
Je pense que je comprends.<br><br><br>,[ I think I understand. ]<br>
Je pense que c'est mieux.<br><br><br>,[ I think that's best. ]<br>
Je suis déjà pris.<br><br><br>,[ I have a prior engagement. ]<br>
Elle ne dit rien.<br><br><br>,[ She said nothing. ]<br>
Tu peux venir à la maison.<br><br><br>,[ You can come home. ]<br>
Je vais au travail.<br><br><br>,[ I go to work. ]<br>
Il ne s'en va pas.<br><br><br>,[ He's not going. ]<br>
Je veux leur parler à tous.<br><br><br>,[ I want to talk to all of them. ]<br>
Il était temps de partir.<br><br><br>,[ It was time to leave. ]<br>
Il nous faut mieux faire.<br><br><br>,[ We have to do better. ]<br>
Elle l'a fait de nouveau.<br><br><br>,[ She did it again. ]<br>
J'ai encore besoin de te parler.<br><br><br>,[ I still need to talk to you. ]<br>
Je n'en ai même pas.<br><br><br>,[ I don't even have one. ]<br>
Je serai toujours là pour vous.<br><br><br>,[ I'll always be there for you. ]<br>
C'est un livre.<br><br><br>,[ This is a book. ]<br>
Elle a peur de la nuit.<br><br><br>,[ She is afraid of the dark. ]<br>
Elle est bonne.<br><br><br>,[ She's good. ]<br>
Nous n'avons pas besoin de lui.<br><br><br>,[ We don't need him. ]<br>
Je pense que tout est prêt.<br><br><br>,[ I think everything is ready. ]<br>
À qui sont ces livres ?<br><br><br>,[ Whose books are these? ]<br>
À qui est ce sac ?<br><br><br>,[ Whose bag is this? ]<br>
Elle a l'air de venir.<br><br><br>,[ She is likely to come. ]<br>
Je sais comment faire.<br><br><br>,[ I know how to do it. ]<br>
"Tu veux cela, non ?<br><br><br>","[ You do want that, don't you? ]<br>"
Elle n'a personne à qui parler.<br><br><br>,[ She has no one to speak to. ]<br />
C'est ce livre.<br><br><br>,[ It's this book. ]<br>
Je sais déjà.<br><br><br>,[ I already know. ]<br>
Il est père de trois enfants.<br><br><br>,[ He is the father of three children. ]<br>
Comment va votre travail ?<br><br><br>,[ How's your job? ]<br>
Je suis perdu.<br><br><br>,[ I am lost. ]<br>
Je ne connais aucun des deux.<br><br><br>,[ I don't know either of them. ]<br>
Vous avez été mon ami.<br><br><br>,[ You were my friend. ]<br>
"Je veux jouer, moi aussi.<br><br><br>","[ I want to play, too. ]<br>"
Il n'en veut pas.<br><br><br>,[ He doesn't want it. ]<br>
Je suis ton frère.<br><br><br>,[ I'm your brother. ]<br>
Comment s'est passé votre été ?<br><br><br>,[ How was your summer? ]<br>
Il vous faut partir.<br><br><br>,[ You have to go. ]<br>
Je voulais vous le dire.<br><br><br>,[ I wanted to tell you. ]<br>
Je suis toujours à l'école.<br><br><br>,[ I'm still in school. ]<br>
Je le fais pour ma famille.<br><br><br>,[ I'm doing this for my family. ]<br>
Il veut beaucoup cela.<br><br><br>,[ He wants that a lot. ]<br>
Il s'est acheté un chien.<br><br><br>,[ He bought himself a dog. ]<br>
Où est ton frère ?<br><br><br>,[ Where is your brother? ]<br>
Soyez vu par moi !<br><br><br>,[ Be seen by me! ]<br>
Je suis nouveau ici.<br><br><br>,[ I am new here. ]<br>
C'est vraiment une bonne fille.<br><br><br>,[ She is a really good girl. ]<br>
Il est prêt à y aller.<br><br><br>,[ He's ready to go. ]<br>
Personne ne le fait mieux.<br><br><br>,[ Nobody does it better. ]<br>
C'est comme ça.<br><br><br>,[ That's the way it is. ]<br>
Je veux simplement être son ami.<br><br><br>,[ I just want to be her friend. ]<br>
Je le préfère comme ça.<br><br><br>,[ I prefer it that way. ]<br>
Vous voulez vraiment dire cela ?<br><br><br>,[ Do you really mean that? ]<br>
Je n'aime pas trop le café.<br><br><br>,[ I don't care much for coffee. ]<br>
Ça ne semble pas trop difficile.<br><br><br>,[ It doesn't look too hard. ]<br>
Il te faut aller à l'école.<br><br><br>,[ You must go to school. ]<br>
Nous n'avons pas besoin de toi.<br><br><br>,[ We don't need you. ]<br>
Vous avez l'air d'une fille.<br><br><br>,[ You look like a girl. ]<br>
Il était très vieux.<br><br><br>,[ He was very old. ]<br>
Vous êtes un être mauvais.<br><br><br>,[ You are a bad person. ]<br>
Il a l'air beaucoup mieux maintenant.<br><br><br>,[ He looks much better now. ]<br>
Elle m'a pris pour mon frère.<br><br><br>,[ She mistook me for my brother. ]<br>
Tout le monde est heureux.<br><br><br>,[ Everybody's happy. ]<br>
Il n'a pas parlé du tout.<br><br><br>,[ He did not speak at all. ]<br>
J'ai quelque chose à vous dire.<br><br><br>,[ There's something I have to tell you. ]<br>
Je vais le voir demain.<br><br><br>,[ I'm going to see him tomorrow. ]<br>
Ça ne me regarde pas.<br><br><br>,[ This doesn't concern me. ]<br>
Je vais maintenant y aller.<br><br><br>,[ I'm going to go now. ]<br>
Je veux en voir davantage.<br><br><br>,[ I want to see more. ]<br>
Il avait une fille.<br><br><br>,[ He had one daughter. ]<br>
Elle n'a rien dit.<br><br><br>,[ She did not say anything. ]<br>
Je me sens mal.<br><br><br>,[ I feel sick. ]<br>
C'est bon et c'est petit.<br><br><br>,[ It is good and is small. ]<br>
Elle m'a dit où aller.<br><br><br>,[ She told me where to go. ]<br>
Je serai toujours là pour toi.<br><br><br>,[ I'll always be there for you. ]<br>
Je ne veux pas ton boulot.<br><br><br>,[ I don't want your job. ]<br>
Fais juste de ton mieux.<br><br><br>,[ Just do your best. ]<br>
C'est assez grand ?<br><br><br>,[ Is it large enough? ]<br>
N'en parle à personne !<br><br><br>,[ Don't talk to anybody about this. ]<br>
Il ne l'a jamais plus vue.<br><br><br>,[ He never saw her again. ]<br>
Je déteste ça.<br><br><br>,[ I hate that. ]<br>
Qui sont vos parents ?<br><br><br>,[ Who are your parents? ]<br>
Je dois faire le petit déjeuner.<br><br><br>,[ I have to prepare the breakfast. ]<br>
Je n'ai pas demandé ça.<br><br><br>,[ I didn't ask for this. ]<br>
Je veux faire ceci.<br><br><br>,[ I want to do this. ]<br>
Je vais prendre ma voiture.<br><br><br>,[ I'm going to take my car. ]<br>
Elle parle beaucoup.<br><br><br>,[ She talks a lot. ]<br>
Je le connais mieux que personne.<br><br><br>,[ I know him better than anybody. ]<br>
J'ai quelque chose que vous voulez.<br><br><br>,[ I have something you want. ]<br>
Je vous en prie !<br><br><br>,[ Oh please! ]<br>
Tu n'es pas ma mère.<br><br><br>,[ You're not my mother. ]<br>
Ce sont des gens.<br><br><br>,[ These are people. ]<br>
Il reste encore beaucoup à faire.<br><br><br>,[ Much still remains to be done. ]<br>
Je ne suis pas une enfant.<br><br><br>,[ I'm not a child. ]<br>
Je suis juste derrière lui.<br><br><br>,[ I'm right behind him. ]<br>
Mais en fait c'est très fort.<br><br><br>,[ But it's very strong actually. ]<br>
À qui est ce vélo ?<br><br><br>,[ Whose is this bicycle? ]<br>
"En un sens, c'est vrai.<br><br><br>",[ It is true in a sense. ]<br>
"En fait, c'est vrai.<br><br><br>","[ As a matter of fact, it is true. ]<br>"
Je ne l'ai pas vue.<br><br><br>,[ I didn’t see her. ]<br>
J'ai toujours été là.<br><br><br>,[ I've always been here. ]<br>
Tout va bien maintenant.<br><br><br>,[ Everything is all right now. ]<br>
Pour qui tu te prends?<br><br><br>,[ Who do you think you are? ]<br>
Je vous vis.<br><br><br>,[ I saw you. ]<br>
Je me souviens de vous.<br><br><br>,[ I remember you. ]<br>
Il était juste derrière moi.<br><br><br>,[ He was just behind me. ]<br>
Personne ici n'a de voiture.<br><br><br>,[ No one here has a car. ]<br>
Ils ne sont pas tous heureux.<br><br><br>,[ Not all of them are happy. ]<br>
Je ne peux rien manger aujourd'hui.<br><br><br>,[ I cannot eat anything today. ]<br>
Je déteste cette voiture.<br><br><br>,[ I hate this car. ]<br>
Il est gentil avec moi.<br><br><br>,[ He's kind to me. ]<br>
Soyez un homme !<br><br><br>,[ Be a man. ]<br>
Ne me parlez pas comme ça.<br><br><br>,[ Don't talk to me like that. ]<br>
Il ne se rappelle de rien.<br><br><br>,[ He doesn't remember anything. ]<br>
Il fait bon ce soir.<br><br><br>,[ The weather is nice tonight. ]<br>
Je suis vraiment très occupé.<br><br><br>,[ I really am very busy. ]<br>
Ils en sont presque là.<br><br><br>,[ They're almost here. ]<br>
Je ne parle pas ainsi.<br><br><br>,[ I don't talk like that. ]<br>
Vous devriez aller lui parler.<br><br><br>,[ You should go talk to her. ]<br>
Il y travaille.<br><br><br>,[ He's working on it. ]<br>
J'ai beaucoup appris de vous.<br><br><br>,[ I learned a lot from you. ]<br>
Nous n'avons pas assez de temps.<br><br><br>,[ We don't have enough time. ]<br>
Ce n'est pas mon sac.<br><br><br>,[ This isn't my bag. ]<br>
Il me faut savoir.<br><br><br>,[ I need to know. ]<br>
Tu as un beau nom.<br><br><br>,[ You have a beautiful name. ]<br>
Je me sens bien mieux aujourd'hui.<br><br><br>,[ I feel a lot better today. ]<br>
Je veux un peu de gâteau.<br><br><br>,[ I want some cake. ]<br>
Elle a acheté une nouvelle voiture.<br><br><br>,[ She bought a new car. ]<br>
Quel est votre nom ?<br><br><br>,[ What is your name? ]<br>
C'est vieux comme le monde.<br><br><br>,[ It's as old as the hills. ]<br>
Il ne chante pas très bien.<br><br><br>,[ He doesn't sing very well. ]<br>
Moi j'ai besoin de savoir.<br><br><br>,[ I need to know. ]<br>
Il a été aimé de tous.<br><br><br>,[ He has been loved by all. ]<br>
Il est meilleur que moi.<br><br><br>,[ He's better than I. ]<br>
C'est très gentil à vous.<br><br><br>,[ That's very sweet of you. ]<br>
Je suis très heureux maintenant.<br><br><br>,[ I'm very happy now. ]<br>
Je n'ai pas encore mangé.<br><br><br>,[ I haven't eaten yet. ]<br>
Tu dis toujours ça.<br><br><br>,[ You're always saying that. ]<br>
Qui a fait cette boîte ?<br><br><br>,[ Who made this box? ]<br>
Je ne veux pas entendre ça.<br><br><br>,[ I don't want to hear it. ]<br>
Je connais cette fille.<br><br><br>,[ I know the girl. ]<br>
Ce monde est difficile.<br><br><br>,[ This world is difficult. ]<br>
Je suis sûr de son nom.<br><br><br>,[ I'm sure about his name. ]<br>
Ne me fais pas attendre !<br><br><br>,[ Don't make me wait! ]<br>
Je sais qu'elle sait.<br><br><br>,[ I know that she knows. ]<br>
On y est.<br><br><br>,[ Here we are. ]<br>
J'ai beaucoup pensé à vous.<br><br><br>,[ I thought about you a lot. ]<br>
Ce sont mes livres.<br><br><br>,[ Those books are mine. ]<br>
Je me souviens de tout.<br><br><br>,[ I remember everything. ]<br>
Il se trouve juste derrière vous.<br><br><br>,[ He's right behind you. ]<br>
Je pensais être trop jeune.<br><br><br>,[ I thought I was too young. ]<br>
Tu as mangé ?<br><br><br>,[ Have you eaten? ]<br>
Ne t'en fais pas !<br><br><br>,[ Don't worry about it. ]<br>
Je pensais te trouver ici.<br><br><br>,[ I thought I'd find you here. ]<br>
C'est une bonne personne.<br><br><br>,[ He's a good person. ]<br>
Elle a eu une vie difficile.<br><br><br>,[ She's had a hard life. ]<br>
Tu devrais aller à l'école.<br><br><br>,[ You should get to school. ]<br>
Vous avez l'air très fatigué.<br><br><br>,[ You look very tired. ]<br>
"Je me sens mieux, maintenant.<br><br><br>",[ I feel better now. ]<br>
C'est un garçon.<br><br><br>,[ This is a boy. ]<br>
Je me trouve juste derrière lui.<br><br><br>,[ I'm right behind him. ]<br>
Ne me laisse pas seul !<br><br><br>,[ Don't leave me by myself! ]<br>
Il veut parler.<br><br><br>,[ He wants to speak. ]<br>
La vie est belle.<br><br><br>,[ Life is beautiful. ]<br>
Je ne savais pas.<br><br><br>,[ I didn't know that. ]<br>
Je pense que vous devriez nager.<br><br><br>,[ I think you should swim. ]<br>
Tu as vraiment beaucoup de chance.<br><br><br>,[ You're very fortunate. ]<br>
Il a besoin d'être seul.<br><br><br>,[ He needs to be alone. ]<br>
Je rêve de vous assez souvent.<br><br><br>,[ I dream about you quite often. ]<br>
Je ne veux pas dîner.<br><br><br>,[ I don't want dinner. ]<br>
Il ressemble beaucoup à son père.<br><br><br>,[ He closely resembles his father. ]<br>
Il me doit beaucoup d'argent.<br><br><br>,[ He owes me a lot of money. ]<br>
Il a lu le livre hier.<br><br><br>,[ He read the book yesterday. ]<br>
Je ne comprends pas ce mot.<br><br><br>,[ I don't understand this word. ]<br>
Ta sœur est belle comme toujours.<br><br><br>,[ Your sister is beautiful as ever. ]<br>
Le vélo est à moi.<br><br><br>,[ The bike's mine. ]<br>
C'est une très bonne question.<br><br><br>,[ That is a very good question. ]<br>
C'est on ne peut mieux.<br><br><br>,[ It could not be better. ]<br>
Vous devez vraiment voir ce film.<br><br><br>,[ You really must see that movie. ]<br>
J'ai encore des choses à faire.<br><br><br>,[ I still have things left to do. ]<br>
Tu sais où me trouver.<br><br><br>,[ You know where to find me. ]<br>
Je n'ai pas besoin de médecin.<br><br><br>,[ I don't need a doctor. ]<br>
Je te comprends.<br><br><br>,[ I understand you. ]<br>
Personne n'était à la maison.<br><br><br>,[ Nobody was home. ]<br>
C'est vous qui l'avez fait !<br><br><br>,[ You did it! ]<br>
Je sais ce que je ferais.<br><br><br>,[ I know what I'd do. ]<br>
Je veux une chambre avec vue.<br><br><br>,[ I want a room with a view. ]<br>
Tu m'as dit quelque chose.<br><br><br>,[ You've told me something. ]<br>
Il n'en fut pas toujours ainsi.<br><br><br>,[ It was not always this way. ]<br>
Elle n'a pas voulu le faire.<br><br><br>,[ She didn't want to do it. ]<br>
Comme vous voulez.<br><br><br>,[ Whatever you say. ]<br>
Le train vient de partir.<br><br><br>,[ The train has just left. ]<br>
Ce ne sont que des étudiants.<br><br><br>,[ They're just students. ]<br>
Ils ont très peu pour vivre.<br><br><br>,[ They have very little to live on. ]<br>
Personne n'a été d'accord avec lui.<br><br><br>,[ No one agreed with him. ]<br>
est très difficile.<br><br><br>,[ Translating languages is very difficult. ]<br>
Il a peu d'argent.<br><br><br>,[ He has little money. ]<br>
Je connais votre problème.<br><br><br>,[ I know your problem. ]<br>
Je n'ai pas pu la trouver.<br><br><br>,[ I couldn't find it. ]<br>
Personne n'y va plus.<br><br><br>,[ No one goes there anymore. ]<br>
Je vous dois un dîner.<br><br><br>,[ I owe you a dinner. ]<br>
Il a fini son petit déjeuner.<br><br><br>,[ He finished breakfast. ]<br>
Il est aimé de tous.<br><br><br>,[ He is liked by everybody. ]<br>
Vous devez aller à l'école.<br><br><br>,[ You must go to school. ]<br>
Je suis celui qui l'a rencontré.<br><br><br>,[ I'm the one who met him. ]<br>
Il fait nuit.<br><br><br>,[ It's night. ]<br>
Il est plein aux as.<br><br><br>,[ He's loaded. ]<br>
Je suis beau.<br><br><br>,[ I'm beautiful. ]<br>
Vous êtes allé trop loin.<br><br><br>,[ You have gone too far. ]<br>
J'ai besoin de plus de pouvoir.<br><br><br>,[ I need more power. ]<br>
Elle est si jeune.<br><br><br>,[ She's so young. ]<br>
Je n'ai pas de chance.<br><br><br>,[ I have no luck. ]<br>
Je ne me rappelle rien.<br><br><br>,[ I don't remember a thing. ]<br>
Tu aurais dû le voir !<br><br><br>,[ You should have seen him. ]<br>
Ce travail m'a beaucoup demandé.<br><br><br>,[ That job took a lot out of me. ]<br>
Il est arrivé ici maintenant.<br><br><br>,[ He has arrived here now. ]<br>
Je sais où partir.<br><br><br>,[ I know where to go. ]<br>
J'ai des choses à faire.<br><br><br>,[ I've got things to do. ]<br>
J'ai du temps.<br><br><br>,[ I have some time. ]<br>
Il travaille avec moi au bureau.<br><br><br>,[ He works with me at the office. ]<br>
"Je suis allé à l'école, hier.<br><br><br>",[ I went to school yesterday. ]<br>
Personne ne vous l'a demandé.<br><br><br>,[ No one asked you. ]<br>
Vous êtes tellement gentil !<br><br><br>,[ You're so sweet. ]<br>
Je me souviens avoir dit ça.<br><br><br>,[ I remember saying that. ]<br>
Il l'a fait pour l'argent.<br><br><br>,[ He did it for the money. ]<br>
On le sait déjà.<br><br><br>,[ That is old news. ]<br>
Plutôt lui que moi.<br><br><br>,[ Better him than me. ]<br>
Je vous ai toujours aimé.<br><br><br>,[ I've always loved you. ]<br>
Elle lui a donné beaucoup d'argent.<br><br><br>,[ She gave him a lot of money. ]<br>
Je l'ai déjà rencontré.<br><br><br>,[ I have met him before. ]<br>
Elle a l'air jeune.<br><br><br>,[ She looks young. ]<br>
J'étais à la maison.<br><br><br>,[ I was at home. ]<br>
Mon travail n'est pas encore terminé.<br><br><br>,[ My work is not complete yet. ]<br>
Ne sois pas un mauvais garçon.<br><br><br>,[ Don't be a bad boy. ]<br>
J'ai une maison.<br><br><br>,[ I have a house. ]<br>
Tu dois venir.<br><br><br>,[ You have to come. ]<br>
Ce sac n'est pas petit.<br><br><br>,[ This bag is not small. ]<br>
Je pense que ça marche.<br><br><br>,[ I think it works. ]<br>
Je serai dans ma chambre.<br><br><br>,[ I'm going to be in my room. ]<br>
J'ai oublié qui avait dit ça.<br><br><br>,[ I forgot who said that. ]<br>
Tu as quelques livres.<br><br><br>,[ You have some books. ]<br>
Il fait trop la fête.<br><br><br>,[ He parties too much. ]<br>
Je ne m'en souviens pas.<br><br><br>,[ I don't remember it. ]<br>
Je compte sur toi.<br><br><br>,[ I'm counting on you. ]<br>
Il a ouvert la porte.<br><br><br>,[ He pulled open the door. ]<br>
Je n'ai pas de plan.<br><br><br>,[ I don't have a plan. ]<br>
Ce n'est pas une mauvaise idée.<br><br><br>,[ That's not a bad idea. ]<br>
Personne ne te le demande.<br><br><br>,[ No one is asking you. ]<br>
Ne lui fais pas confiance.<br><br><br>,[ Don't trust him. ]<br>
J'ai une voiture.<br><br><br>,[ I have a car. ]<br>
Elle me rappelle beaucoup sa mère.<br><br><br>,[ She reminds me very much of her mother. ]<br>
"Je n'ai presque plus d'argent, maintenant.<br><br><br>",[ I have almost no money now. ]<br>
C'était trop difficile pour moi.<br><br><br>,[ It was too difficult for me. ]<br>
La nuit ne fait que commencer.<br><br><br>,[ The night's still young. ]<br>
Je suis en colère après vous.<br><br><br>,[ I'm mad at you. ]<br>
Il sera bientôt là.<br><br><br>,[ He'll be here soon. ]<br>
Cela va sans dire.<br><br><br>,[ That goes without saying. ]<br>
Vous êtes mes amis.<br><br><br>,[ You are my friends. ]<br>
J'ai peur de la mort.<br><br><br>,[ I am afraid of death. ]<br>
Tu aurais dû faire comme ça.<br><br><br>,[ You should have done so. ]<br>
Cette phrase ne veut rien dire.<br><br><br>,[ This sentence doesn't mean anything. ]<br>
Il sait assez bien lire.<br><br><br>,[ He can read well enough. ]<br>
Je vous laisse partir.<br><br><br>,[ I'm letting you go. ]<br>
Je lui ai donné quelques livres.<br><br><br>,[ I gave him a few books. ]<br>
Il est toujours occupé.<br><br><br>,[ He is busy all the time. ]<br>
Vous êtes le meilleur.<br><br><br>,[ You're the greatest. ]<br>
Il n'y avait personne.<br><br><br>,[ There was nobody there. ]<br>
Il est tellement jeune.<br><br><br>,[ He's so young. ]<br>
Il voulait venir avec nous.<br><br><br>,[ He wanted to come with us. ]<br>
Ne te soucie pas de moi.<br><br><br>,[ Don't worry about me. ]<br>
J'ai oublié qui l'a dit.<br><br><br>,[ I forget who said it. ]<br>
Regarde cette femme là !<br><br><br>,[ Check out that woman! ]<br>
Vous devez trouver du travail.<br><br><br>,[ You must find work. ]<br>
Vous avez été mon amie.<br><br><br>,[ You were my friend. ]<br>
C'est tellement bon.<br><br><br>,[ This is so good. ]<br>
Il a refusé de le voir.<br><br><br>,[ He turned a blind eye. ]<br>
J'ai tout vu.<br><br><br>,[ I've seen it all. ]<br>
Elle a beaucoup de vêtements.<br><br><br>,[ She has quite a lot of clothes. ]<br>
Je parle de mon amie.<br><br><br>,[ I speak of my friend. ]<br>
C'est vous le professeur.<br><br><br>,[ You're the teacher. ]<br>
Je lui dis bonne nuit.<br><br><br>,[ I bade good night to her. ]<br>
C'est le temps d'aller à l'école.<br><br><br>,[ It's time to go to school. ]<br>
Je pense qu'il va être malade.<br><br><br>,[ I think he's going to be sick. ]<br>
Qui t'a donné ça ?<br><br><br>,[ Who gave you this? ]<br>
Elle a fait ses devoirs.<br><br><br>,[ She's done her homework. ]<br>
Ils sont juste derrière toi.<br><br><br>,[ They're right behind you. ]<br>
Je comprends votre problème.<br><br><br>,[ I understand your problem. ]<br>
Où se trouve l'école ?<br><br><br>,[ Where is the school? ]<br>
Je n'ai pas toute la journée.<br><br><br>,[ I don't have all day. ]<br>
Quelqu'un a demandé après vous.<br><br><br>,[ Someone asked for you. ]<br>
Elle a assez d'argent.<br><br><br>,[ She has enough money. ]<br>
Il a l'air gentil.<br><br><br>,[ He seems kind. ]<br>
Je vous le ferai savoir.<br><br><br>,[ I'll let you know. ]<br>
Tout le monde devrait partir.<br><br><br>,[ Everyone should go. ]<br>
Il veut partir.<br><br><br>,[ He wants to go. ]<br>
Nous avons tout essayé.<br><br><br>,[ We have tried everything. ]<br>
J'ai eu un mal de tête.<br><br><br>,[ I had a headache. ]<br>
Je n'ai rien fait des vacances.<br><br><br>,[ I did nothing during the holidays. ]<br>
Ça reste à voir.<br><br><br>,[ That remains to be seen. ]<br>
Il parle comme s'il savait tout.<br><br><br>,[ He talks as if he knew everything. ]<br>
Tu fais trop la fête.<br><br><br>,[ You party too much. ]<br>
Je n'en ai pas terminé.<br><br><br>,[ I'm not done. ]<br>
Elle a l'air fatigué.<br><br><br>,[ She seems tired. ]<br>
Mon frère parle très vite.<br><br><br>,[ My brother speaks very fast. ]<br>
Il sera un bon professeur.<br><br><br>,[ He will be a good teacher. ]<br>
Tu dois essayer !<br><br><br>,[ You have to try! ]<br>
Il m'a pris par la main.<br><br><br>,[ He took me by the hand. ]<br>
Je suis très content de toi.<br><br><br>,[ I am quite pleased with you. ]<br>
C'est notre maison.<br><br><br>,[ That's our house. ]<br>
Je mange ici.<br><br><br>,[ I eat here. ]<br>
Je n'ai jamais entendu sa chanson.<br><br><br>,[ I have never heard her sing. ]<br>
Elle a dit qu'elle était heureuse.<br><br><br>,[ She said that she was happy. ]<br>
J'ai perdu ma confiance en lui.<br><br><br>,[ I lost my trust in him. ]<br>
Personne n'y travaille plus.<br><br><br>,[ No one works there anymore. ]<br>
Nous avons été amis.<br><br><br>,[ We have been friends. ]<br>
Je n'ai rien appris du professeur.<br><br><br>,[ I learned nothing from the teacher. ]<br>
Ne te soucie de rien !<br><br><br>,[ Don't worry about a thing. ]<br>
Tu y as réussi !<br><br><br>,[ You made it! ]<br>
Elle doit rester ici.<br><br><br>,[ She has had to stay here. ]<br>
J'ai écrit le livre.<br><br><br>,[ I wrote the book. ]<br>
Vous êtes plutôt bonne.<br><br><br>,[ You're pretty good. ]<br>
Je pris soin de son chat.<br><br><br>,[ I took care of her cat. ]<br>
Tu peux rester jusqu'à ce soir.<br><br><br>,[ You can stay till tonight. ]<br>
Je veux savoir qui l'a commencé.<br><br><br>,[ I want to know who started it. ]<br>
Elle est nouvelle en ville.<br><br><br>,[ She's new in town. ]<br>
"Il ne pleut presque jamais, ici.<br><br><br>",[ It hardly ever rains there. ]<br>
Elle lui a demandé de l'argent.<br><br><br>,[ She asked him for some money. ]<br>
Il a dormi dans la voiture.<br><br><br>,[ He slept in the car. ]<br>
J'ai pensé à toi.<br><br><br>,[ I've been thinking about you. ]<br>
Il est trop fatigué pour étudier.<br><br><br>,[ He is too tired to study. ]<br>
Il fait très froid aujourd'hui.<br><br><br>,[ It is very cold today. ]<br>
Tu peux ouvrir la porte ?<br><br><br>,[ Do you mind opening the door? ]<br>
Je peux m'en sortir.<br><br><br>,[ I can handle it. ]<br>
Elle croit tout ce qu'il dit.<br><br><br>,[ She believes whatever he says. ]<br>
"Tu as l'air heureuse, aujourd'hui !<br><br><br>",[ You look happy today. ]<br>
Ne faites pas de bruit !<br><br><br>,[ Don't make noise! ]<br>
C'est mon ami.<br><br><br>,[ He's my friend. ]<br>
Tu peux garder le livre.<br><br><br>,[ You may keep the book. ]<br>
Ce fut entièrement pour rien.<br><br><br>,[ It was all for nothing. ]<br>
"Vous n'êtes pas satisfait, si ?<br><br><br>","[ You're not satisfied, are you? ]<br>"
Son frère s'est perdu en ville.<br><br><br>,[ His brother was lost in the town. ]<br>
Il aime que je fasse ça.<br><br><br>,[ He likes it when I do that. ]<br>
Votre frère est très en colère.<br><br><br>,[ Your brother is very angry. ]<br>
Le français est difficile à apprendre.<br><br><br>,[ French is difficult to learn. ]<br>
Ils ont déjà terminé le travail.<br><br><br>,[ They have already finished the work. ]<br>
Je n'ai pas de petite amie.<br><br><br>,[ I don't have a girlfriend. ]<br>
J'ai mangé avec mon petit frère.<br><br><br>,[ I ate with my baby brother. ]<br>
Un homme doit travailler.<br><br><br>,[ A man must work. ]<br>
Il n'y a pas cours aujourd'hui.<br><br><br>,[ There's no class today. ]<br>
Elle n'avait rien à faire hier.<br><br><br>,[ She had nothing to do yesterday. ]<br>
Il est quelle heure là?<br><br><br>,[ What is the time now? ]<br>
Vous ne connaissez pas mon frère.<br><br><br>,[ You don't know my brother. ]<br>
Tu as ce qu'ils veulent.<br><br><br>,[ You have what they want. ]<br>
Je veux être seul un moment.<br><br><br>,[ I want to be alone for a while. ]<br>
Il n'a pas de petite amie.<br><br><br>,[ He has no girlfriend. ]<br>
Je veux apprendre à nager.<br><br><br>,[ I want to learn how to swim. ]<br>
"Non, c'est tout.<br><br><br>","[ No, that's all. ]<br>"
Il doit être fatigué.<br><br><br>,[ He must be tired. ]<br>
Il peut lire.<br><br><br>,[ He can read. ]<br>
Je ne suis pas entièrement sûr.<br><br><br>,[ I'm not entirely sure. ]<br>
Elle parle bien anglais.<br><br><br>,[ She is a good English speaker. ]<br>
Il était déjà parti.<br><br><br>,[ He had already gone. ]<br>
Nous devrions faire cela.<br><br><br>,[ We should do that. ]<br>
Il a eu l'air surpris.<br><br><br>,[ He looked surprised. ]<br>
Il a trois filles.<br><br><br>,[ He has three daughters. ]<br>
Il y a dictionnaire et dictionnaire.<br><br><br>,[ There are dictionaries and dictionaries. ]<br>
Je suis fière de mon père.<br><br><br>,[ I'm proud of my dad. ]<br>
Mon père conduit très bien.<br><br><br>,[ My father drives very well. ]<br>
Personne d'autre ne le peut.<br><br><br>,[ Nobody else can. ]<br>
Vous devez me le demander.<br><br><br>,[ You have to ask me for it. ]<br>
Il est plus intelligent que moi.<br><br><br>,[ He is cleverer than I. ]<br>
Nous devrions y aller.<br><br><br>,[ We should get going. ]<br>
J'ai entendu du nouveau aujourd'hui.<br><br><br>,[ I heard something new today. ]<br>
Elle a l'air en colère.<br><br><br>,[ She sounds angry. ]<br>
Tout le monde avait l'air malade.<br><br><br>,[ Everybody looked sick. ]<br>
Ça a pris toute la journée.<br><br><br>,[ It took all day. ]<br>
Je l'ai vu par la fenêtre.<br><br><br>,[ I saw it from the window. ]<br>
J'ai immédiatement besoin de vous.<br><br><br>,[ I need you right now. ]<br>
Personne n'est en vue.<br><br><br>,[ No one's in sight. ]<br>
Ça ira très bien pour elle.<br><br><br>,[ She'll be just fine. ]<br>
C'était avant et c'est maintenant.<br><br><br>,[ That was then and this is now. ]<br>
Je ne sais pas conduire.<br><br><br>,[ I don't know how to drive. ]<br>
J'ai autant de livres que lui.<br><br><br>,[ I have as many books as he. ]<br>
Il m'a fallu le faire aujourd'hui.<br><br><br>,[ I had to do this today. ]<br>
Tu as essayé.<br><br><br>,[ You tried. ]<br>
Tu dois travailler davantage.<br><br><br>,[ You must work more. ]<br>
Elle cuisine pour lui.<br><br><br>,[ She cooks for him. ]<br>
Je viens te chercher !<br><br><br>,[ I'm coming for you! ]<br>
Elle manque de confiance en elle.<br><br><br>,[ She's insecure. ]<br>
Je n'aime pas les pommes.<br><br><br>,[ I don't like apples. ]<br>
Ne le dis à quiconque !<br><br><br>,[ Don't tell anybody. ]<br>
Je vais vous attendre.<br><br><br>,[ I can wait for you. ]<br>
Vous pouvez partir demain.<br><br><br>,[ You can leave tomorrow. ]<br>
Ne soyez pas fou !<br><br><br>,[ Don't be crazy. ]<br>
Je savais que vous étiez derrière.<br><br><br>,[ I knew you were behind it. ]<br>
Trouve le chat.<br><br><br>,[ Find the cat. ]<br>
Tu ne devrais pas fumer.<br><br><br>,[ You shouldn't smoke. ]<br>
Je suis tellement amoureux !<br><br><br>,[ I'm so in love! ]<br>
Ça sera très très chaud.<br><br><br>,[ It will be very very hot. ]<br>
Il se sent très heureux.<br><br><br>,[ He feels very happy. ]<br>
Elle était jeune.<br><br><br>,[ She was young. ]<br>
C'est bon de te revoir !<br><br><br>,[ It's good to see you again. ]<br>
Je suis libre ce soir.<br><br><br>,[ I'm free tonight. ]<br>
Vous savez de quoi je parle.<br><br><br>,[ You know what I'm talking about. ]<br>
Reste avec moi.<br><br><br>,[ Stay with me. ]<br>
Elle est mon amie.<br><br><br>,[ She's my friend. ]<br>
Je parle un peu japonais.<br><br><br>,[ I speak a little Japanese. ]<br>
Personne n'était d'accord avec lui.<br><br><br>,[ No one agreed with him. ]<br>
Je n'ai aucune question.<br><br><br>,[ I don't have any questions. ]<br>
J'ai dû en sortir.<br><br><br>,[ I had to get out of there. ]<br>
Je n'aime pas ce chapeau.<br><br><br>,[ I don't like this hat. ]<br>
Cet homme a une boîte.<br><br><br>,[ That man has one box. ]<br>
Je l'ai mis sur votre bureau.<br><br><br>,[ I put it on your desk. ]<br>
Mon vélo est ici.<br><br><br>,[ Here is my bicycle. ]<br>
Je viens d'avoir un nouveau téléphone.<br><br><br>,[ I just got a new phone. ]<br>
Peu reste à dire.<br><br><br>,[ Little remains to be said. ]<br>
Il a peur de devenir malade.<br><br><br>,[ He is afraid of becoming sick. ]<br>
Je ne reviens pas ici.<br><br><br>,[ I'm not coming back here. ]<br>
Tout le monde vous apprécie.<br><br><br>,[ Everybody likes you. ]<br>
Vous devez venir.<br><br><br>,[ You have to come. ]<br>
Ce fut une mauvaise idée.<br><br><br>,[ It was a bad idea. ]<br>
J'ai envie de partir en voyage.<br><br><br>,[ I want to go somewhere on a trip. ]<br>
Je veux être médecin.<br><br><br>,[ I want to be a doctor. ]<br>
Il est arrivé trop tôt.<br><br><br>,[ He arrived too early. ]<br>
Et si je refuse ?<br><br><br>,[ What if I refuse? ]<br>
Je n'ai pas faim maintenant.<br><br><br>,[ I'm not hungry right now. ]<br>
Il m'a fallu vous voir.<br><br><br>,[ I had to see you. ]<br>
Elle étudie plus que jamais.<br><br><br>,[ She studies as hard as ever. ]<br>
Ça se lit bien.<br><br><br>,[ It reads well. ]<br>
Je suis occupé.<br><br><br>,[ I'm busy. ]<br>
Si vous le dites.<br><br><br>,[ If you say so. ]<br>
Un étudiant veut te voir.<br><br><br>,[ A student wants to see you. ]<br>
Je donne ma langue au chat.<br><br><br>,[ I give in. ]<br>
"Aujourd'hui, il fait très chaud.<br><br><br>",[ It is very hot today. ]<br>
Elle vous regarde.<br><br><br>,[ She's looking at you. ]<br>
Il t'aime vraiment très fort.<br><br><br>,[ He loves you very much. ]<br>
Je n'aime pas boire du café.<br><br><br>,[ I don't like to drink coffee. ]<br>
Qui vous enseigne le français ?<br><br><br>,[ Who teaches you French? ]<br>
Je n'ai jamais vu autant d'argent.<br><br><br>,[ I had never seen so much money. ]<br>
Prends une chambre !<br><br><br>,[ Get a room. ]<br>
Je veux simplement des vacances.<br><br><br>,[ I just want a vacation. ]<br>
Comme je suis content !<br><br><br>,[ How glad I am! ]<br>
Je veux vous rendre heureuse.<br><br><br>,[ I want to make you happy. ]<br>
Quelqu'un a volé ma voiture.<br><br><br>,[ Somebody stole my car. ]<br>
Point n'est besoin de le dire.<br><br><br>,[ That goes without saying. ]<br>
"Non, je suis anglais.<br><br><br>","[ No, I am English. ]<br>"
Je déteste ce boulot.<br><br><br>,[ I hate this job. ]<br>
J'ai complètement oublié son nom.<br><br><br>,[ I've completely forgotten his name. ]<br>
Quelqu'un a frappé à la porte.<br><br><br>,[ Someone knocked on the door. ]<br>
Je vais en cours en bus.<br><br><br>,[ I go to school by bus. ]<br>
Je veux la rendre heureuse.<br><br><br>,[ I want to make her happy. ]<br>
Personne ne connaît la réponse.<br><br><br>,[ No one knows the answer. ]<br>
Je veux en entendre davantage.<br><br><br>,[ I want to hear more. ]<br>
J'ai déjà fait mes devoirs.<br><br><br>,[ I have already done my homework. ]<br>
Il n'a pas pu être malade.<br><br><br>,[ He can't have been ill. ]<br>
Tu as un stylo ?<br><br><br>,[ Have you got a pen? ]<br>
N'y pensez même pas !<br><br><br>,[ Don't even think about it. ]<br>
Il a volé ma montre.<br><br><br>,[ He stole my watch. ]<br>
Vous ne savez même pas comment.<br><br><br>,[ You don't even know how. ]<br>
Je peux à peine vous entendre.<br><br><br>,[ I can hardly hear you. ]<br>
J'étais assez fou pour le faire.<br><br><br>,[ I was fool enough to do so. ]<br>
Manger ici n'est pas bon marché.<br><br><br>,[ It's not cheap to eat here. ]<br>
Elle avait l'air seule.<br><br><br>,[ She looked lonely. ]<br>
Je pensais entendre de la musique.<br><br><br>,[ I thought I heard music. ]<br>
"Non, je suis fatigué.<br><br><br>","[ No, I'm tired. ]<br>"
Vous devez avoir très faim maintenant.<br><br><br>,[ You must be very hungry now. ]<br>
J'ai plaisir à manger avec toi.<br><br><br>,[ I enjoy eating with you. ]<br>
Je ne l'ai pas rencontré auparavant.<br><br><br>,[ I haven't met him before. ]<br>
Il est plutôt beau.<br><br><br>,[ He's kind of handsome. ]<br>
Il te faut partir immédiatement.<br><br><br>,[ You must set off at once. ]<br>
Je n'avais personne à qui parler.<br><br><br>,[ I had no one to talk to. ]<br>
Elle te regarde.<br><br><br>,[ She's looking at you. ]<br>
Elle y est allée hier.<br><br><br>,[ She went there yesterday. ]<br>
Tu ne seras jamais seul.<br><br><br>,[ You'll never be alone. ]<br>
Nous l'avons tous fait.<br><br><br>,[ We've all done it. ]<br>
J'ai des yeux.<br><br><br>,[ I have eyes. ]<br>
Nous sommes presque comme des frères.<br><br><br>,[ We're almost like brothers. ]<br>
Je voudrais une tasse de café.<br><br><br>,[ I want to have a cup of coffee. ]<br>
Il me fallait le faire aujourd'hui.<br><br><br>,[ I had to do this today. ]<br>
C'est un gentil garçon.<br><br><br>,[ He is a kind boy. ]<br>
Je suis toujours prêt à mourir.<br><br><br>,[ I'm always ready for death. ]<br>
Je veux m'entretenir avec vous.<br><br><br>,[ I want to have a word with you. ]<br>
Il faut qu'on me laisse seule.<br><br><br>,[ I need to be left alone. ]<br>
La femme est prête.<br><br><br>,[ The woman is ready. ]<br>
Nous n'avons besoin de personne d'autre.<br><br><br>,[ We don't need anyone else. ]<br>
J'ai eu besoin d'argent.<br><br><br>,[ I needed money. ]<br>
"C'est trop peu, trop tard.<br><br><br>","[ It's too little, too late. ]<br>"
Le chat est sous la table.<br><br><br>,[ The cat is under the table. ]<br>
Un chat est sous la table.<br><br><br>,[ Under the table is a cat. ]<br>
Je pense que tu devrais écouter.<br><br><br>,[ I think you ought to listen. ]<br>
Elle n'a pas de honte.<br><br><br>,[ She has no shame. ]<br>
Je ne suis absolument pas surpris.<br><br><br>,[ I am not in the least surprised. ]<br>
Quel est ton meilleur prix ?<br><br><br>,[ What's your best price? ]<br>
Il me faut changer.<br><br><br>,[ I have to change. ]<br>
Je suis en vacances.<br><br><br>,[ I'm on vacation. ]<br>
Tu dois être fou.<br><br><br>,[ You must be crazy. ]<br>
J'ai besoin de l'argent.<br><br><br>,[ I need the money. ]<br>
Nom de Dieu !<br><br><br>,[ Holy shit! ]<br>
Mon oncle a trois enfants.<br><br><br>,[ My uncle has three children. ]<br>
Il y a une autre façon.<br><br><br>,[ There is another way. ]<br>
Je veux garder cela.<br><br><br>,[ I want to keep that. ]<br>
Tu n'aurais pas dû y aller.<br><br><br>,[ You shouldn't have gone. ]<br>
J'ai parlé à des amis.<br><br><br>,[ I talked to friends. ]<br>
Je suis désolé pour toi.<br><br><br>,[ I am sorry for you. ]<br>
Vous pouvez utiliser mon dictionnaire.<br><br><br>,[ You may use my dictionary. ]<br>
Il lui dit qu'elle avait raison.<br><br><br>,[ He told her that she was right. ]<br>
Je me suis rendu au marché.<br><br><br>,[ I went to the market. ]<br>
Je sais ce qu'elles veulent dire.<br><br><br>,[ I know what they mean. ]<br>
Le garçon regarda dans la pièce.<br><br><br>,[ The boy looked into the room. ]<br>
Il joue bien au tennis.<br><br><br>,[ He is good at playing tennis. ]<br>
Je veux de la soupe.<br><br><br>,[ I want soup. ]<br>
Nous avons besoin de règles !<br><br><br>,[ We need rules! ]<br>
J'ai un peu froid.<br><br><br>,[ Bit cold though. ]<br>
"Non, je ne suis pas marié.<br><br><br>","[ No, I am not married. ]<br>"
Il fait encore chaud;<br><br><br>,[ It's still warm. ]<br>
Je déteste sa manière de parler.<br><br><br>,[ I do not like the way he talks. ]<br>
Elle n'est pas malade.<br><br><br>,[ She's not sick. ]<br>
Je fais encore mon marché.<br><br><br>,[ I'm still shopping around. ]<br>
Tu devrais aller tôt au lit.<br><br><br>,[ You should go to bed early. ]<br>
Vous avez de la visite.<br><br><br>,[ You have a visitor. ]<br>
Regarde comme il court vite !<br><br><br>,[ Look how fast he runs! ]<br>
Ce garçon n'a montré aucune peur.<br><br><br>,[ That boy showed no fear. ]<br>
Il ne s'agit pas juste d'argent.<br><br><br>,[ It's not just about the money. ]<br>
Notre travail est presque terminé.<br><br><br>,[ Our work is almost over. ]<br>
Le déjeuner est à midi.<br><br><br>,[ Lunch is at noon. ]<br>
Je ne suis pas un docteur.<br><br><br>,[ I'm not a doctor. ]<br>
Comment s'est passé votre anniversaire ?<br><br><br>,[ How was your birthday? ]<br>
Ta montre est sur la table.<br><br><br>,[ Your wristwatch is on the table. ]<br>
Elle ne vous appartient pas.<br><br><br>,[ It doesn't belong to you. ]<br>
Elles ont fait ce qu'il fallait.<br><br><br>,[ They did the right thing. ]<br>
Je vois le bon étudiant.<br><br><br>,[ I see the good student. ]<br>
Quelqu'un doit parler.<br><br><br>,[ Somebody has to talk. ]<br>
Ce n'est pas loin de Paris.<br><br><br>,[ It is not far to Paris. ]<br>
Le temps passe vite.<br><br><br>,[ Time passes quickly. ]<br>
Il n'avait pas assez d'argent.<br><br><br>,[ He did not have enough money. ]<br>
Tout le monde y gagne.<br><br><br>,[ Everyone wins. ]<br>
Elle le prit pour quelqu'un d'autre.<br><br><br>,[ She mixed him up with someone else. ]<br>
Nous voulons quelque chose de nouveau.<br><br><br>,[ We want something new. ]<br>
Ne demande pas d'argent.<br><br><br>,[ Don't ask for money. ]<br>
Il a enfin terminé le travail.<br><br><br>,[ He finally accomplished the work. ]<br>
Je veux te faire une proposition.<br><br><br>,[ I want to make you an offer. ]<br>
Je pense que c'est merveilleux.<br><br><br>,[ I think it's wonderful. ]<br>
Je ne bois jamais seule.<br><br><br>,[ I never drink alone. ]<br>
Laissez le livre où il était.<br><br><br>,[ Leave the book where it was. ]<br>
Elle est fière de sa famille.<br><br><br>,[ She boasts of her family. ]<br>
J'ai envie de boire quelque chose.<br><br><br>,[ I feel like having a drink. ]<br>
Tu devrais aller discuter avec lui.<br><br><br>,[ You should go talk to him. ]<br>
Va voir le médecin.<br><br><br>,[ Go and see the doctor. ]<br>
Il n'y arrive pas.<br><br><br>,[ He can't do that. ]<br>
Où se trouve la chatte ?<br><br><br>,[ Where is the cat? ]<br>
Regarde derrière toi !<br><br><br>,[ Look behind you! ]<br>
Il me fallait te voir.<br><br><br>,[ I had to see you. ]<br>
Vous dites toujours cela.<br><br><br>,[ You're always saying that. ]<br>
Je mange ici chaque jour.<br><br><br>,[ I eat here every day. ]<br>
Ne soyez pas tellement impatient !<br><br><br>,[ Don't be so impatient. ]<br>
Il fait froid.<br><br><br>,[ It's cold. ]<br>
Je veux vous poser des questions.<br><br><br>,[ I want to ask you some questions. ]<br>
J'ai encore tant à faire.<br><br><br>,[ I've got so much left to do. ]<br>
Il me fit attendre.<br><br><br>,[ He kept me waiting. ]<br>
Nous n'avons rien appris.<br><br><br>,[ We didn't learn anything. ]<br>
Mon oncle travaille dans ce bureau.<br><br><br>,[ My uncle works in this office. ]<br>
J'ai un reçu.<br><br><br>,[ I have a receipt. ]<br>
Je lui ai demandé son adresse.<br><br><br>,[ I asked her for her address. ]<br>
Sa vie est entre mes mains.<br><br><br>,[ His life is in my hands. ]<br>
Il est une gentille personne.<br><br><br>,[ He is a nice person. ]<br>
Je pense que ça aide.<br><br><br>,[ I think that helps. ]<br>
J'ai un projet à faire.<br><br><br>,[ I have a project to do. ]<br>
Elle ne peut pas avoir menti.<br><br><br>,[ She cannot have told a lie. ]<br>
Il est en route.<br><br><br>,[ He's on his way. ]<br>
Je ne reviens pas.<br><br><br>,[ I'm not coming back. ]<br>
Ainsi que vous le savez déjà.<br><br><br>,[ As you already know. ]<br>
Ouvre un peu la porte !<br><br><br>,[ Open the door a bit! ]<br>
"Votre nom, s'il vous plaît.<br><br><br>","[ Your name, please. ]<br>"
Ne sois pas désolé !<br><br><br>,[ Don't be sorry. ]<br>
Je vais te montrer.<br><br><br>,"[ Oh, let me show you. ]<br>"
Je suis sorti avec mes amis.<br><br><br>,[ I went out with my friends. ]<br>
Tu as l'air vraiment en forme.<br><br><br>,[ You look really good. ]<br>
Il est arrivé ici avant midi.<br><br><br>,[ He came here before noon. ]<br>
J'ai vraiment un plan.<br><br><br>,[ I do have a plan. ]<br>
N'en faites part à personne.<br><br><br>,[ Don't share this with anyone. ]<br>
Il sera là dans dix minutes.<br><br><br>,[ He'll be along in ten minutes. ]<br>
Vous avez l'air vraiment en forme.<br><br><br>,[ You look really good. ]<br>
Prends bien soin de toi.<br><br><br>,[ Take good care of yourself. ]<br>
Il sera en sécurité avec moi.<br><br><br>,[ He'll be safe with me. ]<br>
Je suis tellement amoureuse !<br><br><br>,[ I'm so in love! ]<br>
Il faut que je sorte d'ici.<br><br><br>,[ I need to get out of here. ]<br>
Tu parles ma langue.<br><br><br>,[ You speak my language. ]<br>
Nous serons tous là pour toi.<br><br><br>,[ We'll all be here for you. ]<br>
J'ai vécu ici toute ma vie.<br><br><br>,[ I've lived here my whole life. ]<br>
Je n'aime pas cet endroit.<br><br><br>,[ I don't like this place. ]<br>
Tu sais que j'ai raison.<br><br><br>,[ You know I'm right. ]<br>
Je n'aurais pas dû dire cela.<br><br><br>,[ I should not have said that. ]<br>
Toi et moi sommes bons amis.<br><br><br>,[ You and I are good friends. ]<br>
Le son voyage très rapidement.<br><br><br>,[ Sound travels very quickly. ]<br>
Ne me laissez pas seul !<br><br><br>,[ Don't leave me alone! ]<br>
Nous avons appris l'anglais.<br><br><br>,[ We learned English. ]<br>
Je travaille à la poste.<br><br><br>,[ I work at the post office. ]<br>
N'importe qui pourrait faire ça.<br><br><br>,[ Anyone could do that. ]<br>
Il vaut mieux tard que jamais.<br><br><br>,[ Better late than never. ]<br>
J'ai deux questions pour toi.<br><br><br>,[ I have two questions for you. ]<br>
Je t'aime de tout mon cœur.<br><br><br>,[ I love you with all my heart. ]<br>
Ne reviens jamais !<br><br><br>,[ Don't you ever come back. ]<br>
Elles ont découvert la chose.<br><br><br>,[ They found out. ]<br>
Je n'ai aucun enfant.<br><br><br>,[ I don't have any kids. ]<br>
Elle m'a appris à conduire.<br><br><br>,[ She taught me how to drive. ]<br>
Nous sommes d'accord sur ce point.<br><br><br>,[ We agree on this point. ]<br>
Je suis très content.<br><br><br>,[ I am very pleased. ]<br>
Ils savent ce qui se passe.<br><br><br>,[ They know what’s going on. ]<br>
Il ne se lève pas tôt.<br><br><br>,[ He does not get up early. ]<br>
Il m'a touché sur la joue.<br><br><br>,[ He touched me on the cheek. ]<br>
Qui a cassé ceci ?<br><br><br>,[ Who broke this? ]<br>
Elle pense être drôle ?<br><br><br>,[ Does she think she's funny? ]<br>
"Vous n'avez aucune chance, contre elle.<br><br><br>",[ You don't stand a chance against her. ]<br>
Il se révéla être son père.<br><br><br>,[ He turned out to be her father. ]<br>
Ne fais pas autant de bruit.<br><br><br>,[ Don't make so much noise. ]<br>
Ce cheval est arrivé en premier.<br><br><br>,[ The horse came in first. ]<br>
Nous avons marché jusqu'à ma chambre.<br><br><br>,[ We walked to my room. ]<br>
Ton voyage commence ici.<br><br><br>,[ Your journey starts here. ]<br>
Il est moins intelligent que moi.<br><br><br>,[ He is less intelligent than me. ]<br>
Ils m'ont laissé m'en aller.<br><br><br>,[ They let me go. ]<br>
C'est ça l'amour ?<br><br><br>,[ Is this love? ]<br>
J'ai pensé avoir entendu des voix.<br><br><br>,[ I thought I heard voices. ]<br>
Elles m'en ont parlé.<br><br><br>,[ They told me about it. ]<br>
L'anglais n'est pas facile pour nous.<br><br><br>,[ English is not easy for us. ]<br>
Il ne connaît aucun d'entre nous.<br><br><br>,[ He knows neither of us. ]<br>
Je ne veux pas y penser.<br><br><br>,[ I don't want to think about it. ]<br>
Ça ne se présente pas bien.<br><br><br>,[ It’s not looking good. ]<br>
Ta voix porte bien.<br><br><br>,[ Your voice carries well. ]<br>
Je ne l'ai presque jamais rencontrée.<br><br><br>,[ I almost never met her. ]<br>
Je n'ai pas de crayon.<br><br><br>,[ I don't have a pencil. ]<br>
Il est souvent malade.<br><br><br>,[ He often gets sick. ]<br>
Tu ne peux pas arrêter.<br><br><br>,[ You can't give up. ]<br>
Je veux te poser quelques questions.<br><br><br>,[ I want to ask you some questions. ]<br>
Regarde ce beau garçon.<br><br><br>,[ Look at that good-looking boy. ]<br>
J'ai été très occupé cette semaine.<br><br><br>,[ I have been very busy this week. ]<br>
J'ai eu votre âge.<br><br><br>,[ I used to be your age. ]<br>
Je suis assez satisfait.<br><br><br>,[ I'm quite satisfied. ]<br>
Vous et moi y allons ensemble.<br><br><br>,[ You and I are going together. ]<br>
Vous n'êtes pas forcé de venir.<br><br><br>,[ You don't have to come. ]<br>
Tout le monde n'est pas honnête.<br><br><br>,[ Everyone is not honest. ]<br>
Je pensais que tu étais sérieux.<br><br><br>,[ I thought you were serious. ]<br>
Nous l'avons laissé pour mort.<br><br><br>,[ We gave him up for dead. ]<br>
Je vous ai commandé un verre.<br><br><br>,[ I ordered you a drink. ]<br>
Je voudrais un poisson.<br><br><br>,[ I'd like a fish. ]<br>
Je ne veux pas te quitter.<br><br><br>,[ I don't want to leave you. ]<br>
Combien plus loin ?<br><br><br>,[ How much farther? ]<br>
J'ai perdu tout ce que j'avais.<br><br><br>,[ I lost everything I had. ]<br>
J'ai besoin de son aide.<br><br><br>,[ I need his help. ]<br>
Chante une chanson avec moi.<br><br><br>,[ Sing a song with me. ]<br>
Nous avons beaucoup à discuter.<br><br><br>,[ We have a lot to talk about. ]<br>
J'ai une idée de chanson.<br><br><br>,[ I have an idea for a song. ]<br>
Elle nous enseigne le français.<br><br><br>,[ She's teaching us French. ]<br>
Le boulot est presque terminé.<br><br><br>,[ The job is almost finished. ]<br>
Nous devons le réparer.<br><br><br>,[ We must fix this. ]<br>
Il est très impatient d'y aller.<br><br><br>,[ He is very eager to go there. ]<br>
Je ne trouve pas mes bagages.<br><br><br>,[ I can't find my luggage. ]<br>
Je veux être en sécurité.<br><br><br>,[ I want to be safe. ]<br>
Tu n'es pas fou.<br><br><br>,[ You're not crazy. ]<br>
Il ne revit jamais sa sœur.<br><br><br>,[ He never saw his sister again. ]<br>
Je me rends chez moi.<br><br><br>,[ I'm going to my house. ]<br>
Je crains que non.<br><br><br>,[ I'm afraid not. ]<br>
Je voulais vous montrer ceci.<br><br><br>,[ I wanted to show you this. ]<br>
Il fera un bon médecin.<br><br><br>,[ He will make a good doctor. ]<br>
Vous devez immédiatement voir un médecin.<br><br><br>,[ You are to see a doctor at once. ]<br>
Il court devant moi.<br><br><br>,[ He is running ahead of me. ]<br>
La viande n'est pas encore prête.<br><br><br>,[ The meat's not ready yet. ]<br>
Ça fonctionne bien.<br><br><br>,[ It works well. ]<br>
Personne ne me croit.<br><br><br>,[ No one believes me. ]<br>
Il a une grosse voix.<br><br><br>,[ He has a loud voice. ]<br>
J'ai attendu plus de deux heures.<br><br><br>,[ I waited more than two hours. ]<br>
Je n'ai pas mes règles.<br><br><br>,[ I don't menstruate. ]<br>
Je n'ai aucun doute sur ça.<br><br><br>,[ I do not doubt it in the least. ]<br>
Elle est amoureuse d'une autre femme.<br><br><br>,[ She's in love with another woman. ]<br>
Elle rend sa mère heureuse.<br><br><br>,[ She made her mother happy. ]<br>
Je veux étudier l'anglais.<br><br><br>,[ I want to study English. ]<br>
Je suis tombé amoureuse de toi.<br><br><br>,[ I fell in love with you. ]<br>
Elle m'a obligé à le faire.<br><br><br>,[ She forced me to do it. ]<br>
Je suis tombé amoureux d'une femme.<br><br><br>,[ I fell in love with a woman. ]<br>
Elle est très occupée.<br><br><br>,[ She is as busy as a bee. ]<br>
Vous parlez bien anglais.<br><br><br>,[ You speak good English. ]<br>
Vous avez plus d'énergie que moi.<br><br><br>,[ You have more energy than I. ]<br>
Il est médecin.<br><br><br>,[ He is a doctor. ]<br>
Il écrit son journal.<br><br><br>,[ He's writing his diary. ]<br>
Je l'ai compris tout seul.<br><br><br>,[ I figured it out by myself. ]<br>
Je veux simplement mourir.<br><br><br>,[ I just want to die. ]<br>
À dimanche !<br><br><br>,[ See you on Sunday! ]<br>
Le jeune homme veut boire.<br><br><br>,[ The young guy wants to drink. ]<br>
Quelque chose a eu lieu.<br><br><br>,[ Something happened. ]<br>
J'ai le dictionnaire.<br><br><br>,[ I have a dictionary. ]<br>
Mon verre est plein.<br><br><br>,[ My glass is full. ]<br>
Vous me connaissez à peine.<br><br><br>,[ You hardly know me. ]<br>
C'est mon affaire à moi.<br><br><br>,[ That is my own affair. ]<br>
Ne dites mot à personne.<br><br><br>,[ Don't say a word to anyone. ]<br>
Je viendrai avec vous.<br><br><br>,[ I'll come with you. ]<br>
J'ai presque fini.<br><br><br>,[ I'm almost done. ]<br>
Je suis vraiment désolé.<br><br><br>,[ I'm very sorry. ]<br>
Je connais ton visage.<br><br><br>,[ I know your face. ]<br>
Je vais écrire une lettre demain.<br><br><br>,[ I am going to write a letter tomorrow. ]<br>
Nous avons beaucoup marché.<br><br><br>,[ We walked a lot. ]<br>
Tu bois du vin ?<br><br><br>,[ Do you drink wine? ]<br>
Il est sous la chaise.<br><br><br>,[ It is under the chair. ]<br>
Je viendrai aussi à la fête.<br><br><br>,[ I will be coming to the party too. ]<br>
La musique te plaît ?<br><br><br>,[ Do you like music? ]<br>
J'ai joué avec mon frère.<br><br><br>,[ I played with my brother. ]<br>
Elle travaille très dur.<br><br><br>,[ She works very hard. ]<br>
Je te rendrai fier de moi.<br><br><br>,[ I'll make you proud of me. ]<br>
Je reviens dans une heure.<br><br><br>,[ I'll be back in an hour. ]<br>
"Maintenant, je l'aime aussi.<br><br><br>","[ Now, I like it too. ]<br>"
Ça fait plus d'un mois.<br><br><br>,[ It's been more than a month. ]<br>
Je dois changer de vêtements.<br><br><br>,[ I have to change clothes. ]<br>
Je déteste ces mots.<br><br><br>,[ I hate these words. ]<br>
Quel est votre poste ?<br><br><br>,[ What position do you hold? ]<br>
Elle prend des cours du soir.<br><br><br>,[ She goes to night school. ]<br>
J'ai oublié mon sac.<br><br><br>,[ I forgot my bag. ]<br>
Cette lettre porte une mauvaise adresse.<br><br><br>,[ This letter is wrongly addressed. ]<br>
Quel est ton poste ?<br><br><br>,[ What position do you hold? ]<br>
Et si elle a tort ?<br><br><br>,[ What if she's wrong? ]<br>
Tu as combien de sœurs ?<br><br><br>,[ How many sisters do you have? ]<br>
Il est extrêmement heureux.<br><br><br>,[ He's extremely happy. ]<br>
C'est l'heure de dîner.<br><br><br>,[ Time for dinner. ]<br>
Je ne sais pas cuisiner.<br><br><br>,[ I don't know how to cook. ]<br>
Le garçon avait peur du noir.<br><br><br>,[ The boy feared the dark. ]<br>
Il possède beaucoup d'argent.<br><br><br>,[ He has a lot of money. ]<br>
Je n'étais pas une bonne mère.<br><br><br>,[ I was not a good mother. ]<br>
Cela prit exactement une heure.<br><br><br>,[ It took exactly an hour. ]<br>
Quel est votre vin préféré ?<br><br><br>,[ What's your favorite wine? ]<br>
Reste à distance de lui !<br><br><br>,[ Stay away from him! ]<br>
Il peut pleuvoir à tout moment.<br><br><br>,[ It may rain at any moment. ]<br>
Son enfant se conduit bien.<br><br><br>,[ His child behaves well. ]<br>
Ce n'est pas ma première fois.<br><br><br>,[ This is not my first time. ]<br>
C'est vraiment bon marché.<br><br><br>,[ It is really cheap. ]<br>
Il est déjà six heures.<br><br><br>,[ It's six o'clock already. ]<br>
C'est là que tu as tort.<br><br><br>,[ This is where you're wrong. ]<br>
Ce sont des animaux.<br><br><br>,[ They're animals. ]<br>
Il dort comme un bébé.<br><br><br>,[ He's sleeping like a baby. ]<br>
Je veux juste retourner au lit.<br><br><br>,[ I just want to go back to bed. ]<br>
Je lui donnerai le livre demain.<br><br><br>,[ I will give him the book tomorrow. ]<br>
J'étais en colère contre moi.<br><br><br>,[ I was angry at myself. ]<br>
Je l'ai prise pour sa sœur.<br><br><br>,[ I took her for her sister. ]<br>
Tu ne sembles pas très sûre.<br><br><br>,[ You don't seem very sure. ]<br>
Il conduit très vite.<br><br><br>,[ He drives very fast. ]<br>
Elle est toujours occupée.<br><br><br>,[ She is always busy. ]<br>
Je ne peux prendre aucun risque.<br><br><br>,[ I can't take chances. ]<br>
Soyez gentil !<br><br><br>,[ Be nice. ]<br>
C'est loin d'ici ?<br><br><br>,[ Is it far from here? ]<br>
Qui est en faute ?<br><br><br>,[ Who is in fault? ]<br>
Je sais que vous êtes enseignant.<br><br><br>,[ I know that you are a teacher. ]<br>
Je ne travaille habituellement pas ici.<br><br><br>,[ I usually don't work here. ]<br>
Vous avez une assez bonne mémoire.<br><br><br>,[ You have a pretty good memory. ]<br>
Je vais commencer avec une bière.<br><br><br>,[ I'll start with a beer. ]<br>
Tout mon corps me fait mal.<br><br><br>,[ My whole body is sore. ]<br>
Faites du bruit !<br><br><br>,[ Make some noise! ]<br>
Elle donne toujours la réponse immédiatement.<br><br><br>,[ She always gives an instant answer. ]<br>
J'ai entendu des voix.<br><br><br>,[ I heard voices. ]<br>
Allez me chercher de l'eau !<br><br><br>,[ Get me some water. ]<br>
Nous voulons vous parler.<br><br><br>,[ We want to talk to you. ]<br>
Il n'est pas marié.<br><br><br>,[ He is unmarried. ]<br>
J'avais juste besoin de cela.<br><br><br>,[ I needed just that. ]<br>
À qui de droit.<br><br><br>,[ To whom it may concern: ]<br>
C'était agréable de parler avec elle.<br><br><br>,[ It was nice to converse with her. ]<br>
Je te dois tout mon succès.<br><br><br>,[ I owe my success to you. ]<br>
Prenez ce qui vous chante !<br><br><br>,[ Take whatever you want. ]<br>
Vous n'êtes pas mon genre.<br><br><br>,[ You're not my type. ]<br>
Je vis au Japon.<br><br><br>,[ I live in Japan. ]<br>
J'ai mal au cœur.<br><br><br>,[ I feel queasy. ]<br>
Je n'ai pas la clé.<br><br><br>,[ I don't have the key. ]<br>
Ne laisse pas la porte ouverte.<br><br><br>,[ Don't leave the door open. ]<br>
J'ai peur des chats.<br><br><br>,[ I am afraid of cats. ]<br>
Il ne répondit pas.<br><br><br>,[ He made no reply. ]<br>
Il travaille sur un nouveau roman.<br><br><br>,[ He is working on a new novel. ]<br>
Le film commence.<br><br><br>,[ The movie starts. ]<br>
Elle l'a entendu chanter.<br><br><br>,[ She heard him sing. ]<br>
Je viendrai avec toi.<br><br><br>,[ I'll come with you. ]<br>
Tu seras en sécurité avec elle.<br><br><br>,[ You'll be safe with her. ]<br>
"Alors, quand exactement ?<br><br><br>","[ Well, when exactly? ]<br>"
Mon père est riche.<br><br><br>,[ My father is rich. ]<br>
Il sortit de sous la voiture.<br><br><br>,[ He got out from under the car. ]<br>
Je vous ai vu cuisiner.<br><br><br>,[ I saw you cooking. ]<br>
Je suis allé au parc hier.<br><br><br>,[ I went to the park yesterday. ]<br>
Ce poisson est gros.<br><br><br>,[ This fish is big. ]<br>
Elle le regarda avec colère.<br><br><br>,[ She looked at him angrily. ]<br>
Je l'ai compris toute seule.<br><br><br>,[ I figured it out by myself. ]<br>
J'ai fait ça auparavant.<br><br><br>,[ I've done this before. ]<br>
Cette machine a un problème.<br><br><br>,[ There's something wrong with this machine. ]<br>
Cette table est en bois.<br><br><br>,[ This table is made out of wood. ]<br>
Je veux me marier avec elle.<br><br><br>,[ I want to marry her. ]<br>
Nous pouvons commencer ce soir.<br><br><br>,[ We can begin tonight. ]<br>
Vous devriez rentrer tôt chez vous.<br><br><br>,[ You should go home early. ]<br>
C'est pourquoi je suis en retard.<br><br><br>,[ That's why I was late. ]<br>
Ma fille veut un piano.<br><br><br>,[ My daughter wants a piano. ]<br>
Ne sois pas désolée !<br><br><br>,[ Don't be sorry. ]<br>
Je me sens quelque peu responsable.<br><br><br>,[ I feel a little responsible. ]<br>
C'est à ton tour de chanter.<br><br><br>,[ It's your turn to sing. ]<br>
Tu as raison à ce sujet.<br><br><br>,[ You're right about that. ]<br>
Je le fais pour eux.<br><br><br>,[ I'm doing this for them. ]<br>
Cette explication n'a aucun sens !<br><br><br>,[ This explanation doesn't mean anything! ]<br>
Elle adore les fleurs.<br><br><br>,[ She loves flowers. ]<br>
On a besoin de beaucoup d'eau.<br><br><br>,[ Much water is needed. ]<br>
J'ai tenu ma langue.<br><br><br>,[ I kept my mouth shut. ]<br>
Je suis déjà allé à Londres.<br><br><br>,[ I have been to London. ]<br>
C'est en fait votre faute.<br><br><br>,[ It is in fact your fault. ]<br>
Son fils est malade.<br><br><br>,[ His son is sick. ]<br>
Cet appareil photo ne fonctionne pas.<br><br><br>,[ Something must be wrong with the camera. ]<br>
Qui t'a envoyé ?<br><br><br>,[ Who sent you? ]<br>
J'ai peur de devoir partir maintenant.<br><br><br>,[ I am afraid I must be going now. ]<br>
Elle ne répondit pas.<br><br><br>,[ She made no reply. ]<br>
Je cherche quelqu'un.<br><br><br>,[ I'm looking for someone. ]<br>
Il est d'un certain âge.<br><br><br>,[ He's no spring chicken. ]<br>
Elle n'a jamais revu sa mère.<br><br><br>,[ She never saw her mother again. ]<br>
Où est Paris ?<br><br><br>,[ Where is Paris? ]<br>
J'ai lu ce livre auparavant.<br><br><br>,[ I have read the book before. ]<br>
J'y ai beaucoup été.<br><br><br>,[ I've been there a lot. ]<br>
Je suis honnête avec toi.<br><br><br>,[ I'm being honest with you. ]<br>
Personne ne veut s'y rendre.<br><br><br>,[ No one wants to go there. ]<br>
Je voudrais vous rendre visite.<br><br><br>,[ I would like to visit you. ]<br>
Elle m'a confectionné un gâteau.<br><br><br>,[ She made me a cake. ]<br>
Il n'a jamais revu sa sœur.<br><br><br>,[ He never saw his sister again. ]<br>
Mon père a un restaurant.<br><br><br>,[ My father runs a restaurant. ]<br>
C'est une lettre très étrange.<br><br><br>,[ It is a very strange letter. ]<br>
Ne joue pas dans la rue.<br><br><br>,[ Don't play in the street. ]<br>
Il boit trop.<br><br><br>,[ He drinks too much. ]<br>
Nous sommes dans le même bain.<br><br><br>,[ We have a similar predicament. ]<br>
Encore du café s'il vous plait.<br><br><br>,[ Please give me some more coffee. ]<br>
C'est un mal nécessaire.<br><br><br>,[ It's a necessary evil. ]<br>
Je ne tiens pas de journal.<br><br><br>,[ I don't keep a diary. ]<br>
Vous avez un message.<br><br><br>,[ You have a message. ]<br>
Ils m'ont forcé à y aller.<br><br><br>,[ They made me go there. ]<br>
Il s'est assis à son côté.<br><br><br>,[ He sat down next to her. ]<br>
"J'ai rencontré cette fille, auparavant.<br><br><br>",[ I have met this girl before. ]<br>
Allons en voyage.<br><br><br>,[ Let's take a trip. ]<br>
Je vais laver ma voiture.<br><br><br>,[ I'm going to wash my car. ]<br>
Je veux vérifier quelque chose.<br><br><br>,[ I want to check something. ]<br>
Il veut être joueur de tennis.<br><br><br>,[ He wants to be a tennis player. ]<br>
Je préfère la viande au poisson.<br><br><br>,[ I like meat better than fish. ]<br>
Je suis ravi de les rencontrer.<br><br><br>,[ I am very pleased to meet them. ]<br>
Il l'aime encore.<br><br><br>,[ He still loves her. ]<br>
Il a voulu te rencontrer.<br><br><br>,[ He wanted to meet you. ]<br>
Je pense que nous devrions abandonner.<br><br><br>,[ I think we should quit. ]<br>
"C'est chaud, ça.<br><br><br>",[ This is hard. ]<br>
Ça va être facile.<br><br><br>,[ This is going to be easy. ]<br>
Je t'aime vraiment.<br><br><br>,[ I really love you. ]<br>
Il a plu pendant des jours.<br><br><br>,[ It rained for days. ]<br>
Les affaires sont très bonnes maintenant.<br><br><br>,[ Business is very good now. ]<br>
Il fait moins six.<br><br><br>,[ It's six degrees below zero. ]<br>
Je vous souhaite bonne chance.<br><br><br>,[ I wish you good luck. ]<br>
Je l'ai rencontré en train d'étudier.<br><br><br>,[ I met him while he was studying. ]<br>
J'ai entendu la porte se fermer.<br><br><br>,[ I heard the door close. ]<br>
Que ce pont est long !<br><br><br>,[ How long that bridge is! ]<br>
Je l'ai cuit pour vous.<br><br><br>,[ I baked it for you. ]<br>
Vous ne pouvez pas continuer ainsi.<br><br><br>,[ You can't carry on like this. ]<br>
La nuit était très calme.<br><br><br>,[ The night was very still. ]<br>
J'ai bien envie d'une autre bière.<br><br><br>,[ I feel like another beer. ]<br>
C'est le dernier.<br><br><br>,[ It's the last one. ]<br>
Tu as un grand nez.<br><br><br>,[ You have a big nose. ]<br>
Ça ouvre à quelle heure ?<br><br><br>,[ What time does it open? ]<br>
Je lui ai demandé conseil.<br><br><br>,[ I turned to him for advice. ]<br>
"Pas de nouvelles, bonnes nouvelles.<br><br><br>",[ No news is good news. ]<br>
Je suis une personne honnête.<br><br><br>,[ I'm an honest person. ]<br>
Il parle dix langues.<br><br><br>,[ He speaks ten languages. ]<br>
Cette soupe est bonne.<br><br><br>,[ This soup tastes good. ]<br>
J'ai une table en bois.<br><br><br>,[ I have a wooden table. ]<br>
Il lui frappa la tête.<br><br><br>,[ He banged his head. ]<br>
J'y ai trouvé beaucoup de plaisir.<br><br><br>,[ I enjoyed it very much. ]<br>
Tout ce qu'il disait était juste.<br><br><br>,[ All what he said was right. ]<br>
Tout le monde est un artiste.<br><br><br>,[ Everyone is an artist. ]<br>
Je pense souvent à eux.<br><br><br>,[ I think about them often. ]<br>
Je n'ai aucun stylo.<br><br><br>,[ I don't have any pens. ]<br>
C'est vous la chef.<br><br><br>,[ You're the leader. ]<br>
Aucun enfant ne devrait avoir faim.<br><br><br>,[ No child should go hungry. ]<br>
Je veux vraiment comprendre.<br><br><br>,[ I really want to understand. ]<br>
Vous êtes bons.<br><br><br>,[ You are good. ]<br>
Je ne vous parlais pas.<br><br><br>,[ I wasn't talking to you. ]<br>
"Si vous pouvez, venez avec nous.<br><br><br>","[ If you can, come with us. ]<br>"
Elle sait jouer du piano.<br><br><br>,[ She can play the piano. ]<br>
Il sera là toute la soirée.<br><br><br>,[ He will be here all evening. ]<br>
Il la faisait chanter.<br><br><br>,[ She was blackmailed by him. ]<br>
"Désolé, j'ai oublié votre nom.<br><br><br>","[ I'm sorry, I forgot your name. ]<br>"
Quelle belle journée !<br><br><br>,[ What a lovely day it is! ]<br>
Nous n'avons pas suffisamment de bière.<br><br><br>,[ We don't have enough beer. ]<br>
"Après tout, il a réussi l'examen.<br><br><br>","[ After all, he succeeded in passing the exam. ]<br>"
N'importe qui pouvait faire cela.<br><br><br>,[ Anyone could do that. ]<br>
Je vais te donner un conseil.<br><br><br>,[ I'll give you a piece of advice. ]<br>
Du poisson s'il vous plaît.<br><br><br>,"[ Fish, please. ]<br>"
C'est la fin de mon histoire.<br><br><br>,[ This is the end of my story. ]<br>
Tout cela appartient désormais au passé.<br><br><br>,[ All that belongs to the past now. ]<br>
"Il est précisément trois heures, maintenant.<br><br><br>",[ The exact time is three now. ]<br>
Il a tombé la chemise.<br><br><br>,[ He removed his shirt. ]<br>